{"stats":{"minecraft:picked_up":{"minecraft:stick":14,"tfc:wood/log/birch":6,"dttfc:birch_seed":1,"tfc:wood/log/ash":6,"tfc:wood/log/white_cedar":7},"minecraft:crafted":{"tfc:stone/javelin/igneous_extrusive":1,"tfc:stone/axe/igneous_extrusive":1},"minecraft:dropped":{"tfc:wood/twig/birch":1},"minecraft:mined":{"tfc:wood/stripped_log/white_cedar":1},"minecraft:used":{"tfc:stone/javelin/igneous_extrusive":1,"tfc:wood/log/white_cedar":1,"tfc:rock/loose/rhyolite":1,"tfc:stone/axe/igneous_extrusive":5},"minecraft:custom":{"minecraft:time_since_rest":7570,"minecraft:crouch_one_cm":17,"minecraft:play_time":7570,"minecraft:sprint_one_cm":13247,"minecraft:walk_one_cm":7449,"minecraft:sneak_time":31,"minecraft:drop":1,"minecraft:jump":149,"minecraft:walk_on_water_one_cm":1097,"minecraft:time_since_death":7570,"minecraft:total_world_time":7570,"minecraft:climb_one_cm":150,"minecraft:fall_one_cm":4060,"minecraft:fly_one_cm":20888}},"DataVersion":3465}