{"stats":{"minecraft:picked_up":{"minecraft:stick":14,"tfc:wood/log/birch":6,"dttfc:birch_seed":1,"tfc:wood/log/ash":6,"tfc:wood/log/white_cedar":7},"minecraft:crafted":{"tfc:stone/javelin/igneous_extrusive":1,"tfc:stone/axe/igneous_extrusive":1,"tfc:stone/knife/igneous_extrusive":1},"minecraft:dropped":{"tfc:wood/twig/birch":1,"dttfc:birch_seed":1},"minecraft:mined":{"tfc:wood/stripped_log/white_cedar":1},"minecraft:used":{"tfc:stone/javelin/igneous_extrusive":6,"tfc:wood/log/white_cedar":1,"tfc:rock/loose/rhyolite":2,"tfc:stone/axe/igneous_extrusive":14},"minecraft:custom":{"minecraft:time_since_rest":1281,"minecraft:crouch_one_cm":17,"minecraft:play_time":19156,"minecraft:sprint_one_cm":58458,"minecraft:deaths":1,"minecraft:damage_taken":379,"minecraft:walk_one_cm":22797,"minecraft:sneak_time":56,"minecraft:walk_under_water_one_cm":10246,"minecraft:mob_kills":1,"minecraft:drop":2,"minecraft:jump":499,"minecraft:damage_dealt":30,"minecraft:leave_game":1,"minecraft:walk_on_water_one_cm":8640,"minecraft:time_since_death":1240,"minecraft:total_world_time":19156,"minecraft:climb_one_cm":150,"minecraft:swim_one_cm":13154,"minecraft:fall_one_cm":17570,"minecraft:fly_one_cm":79180},"minecraft:killed":{"tfc:rainbow_trout":1}},"DataVersion":3465}