{"stats":{"minecraft:picked_up":{"minecraft:stick":6,"minecraft:feather":10,"tfc:dirt/loam":6,"tfc:small_sheepskin_hide":1,"tfc:rooted_dirt/loam":1,"tfc:food/duck":4,"tfc:food/mutton":8,"dttfc:birch_seed":1,"tfc:rock/loose/claystone":12,"tfc:wood/log/ash":7,"tfc:small_raw_hide":1,"firmalife:rennet":3,"tfc:food/rabbit":1,"tfc:dirt/sandy_loam":15,"minecraft:bone":5,"tfc:sand/brown":16,"tfc:wood/twig/chestnut":1,"tfc:rock/loose/chalk":2,"tfc:rock/gravel/rhyolite":1,"tfc:food/grouse":2},"minecraft:crafted":{"tfc:rock/cobble/rhyolite":1,"tfc:rock/cobble/claystone":12,"tfc:firestarter":1,"tfc:stone/shovel/igneous_extrusive":1,"tfc:stone/javelin/igneous_extrusive":1,"tfc:stone/axe/igneous_extrusive":2},"minecraft:dropped":{"tfc:small_sheepskin_hide":1,"tfc:wood/log/ash":1,"tfc:sand/brown":3,"tfc:food/duck":2,"tfc:rock/loose/claystone":1,"minecraft:bone":5},"minecraft:mined":{"tfc:rooted_dirt/loam":1,"tfc:dirt/sandy_loam":14,"minecraft:fire":1,"tfc:dirt/loam":1,"tfc:grass/sandy_loam":1,"tfc:rock/gravel/rhyolite":1,"tfc:grass/loam":5,"tfc:sand/brown":17},"minecraft:used":{"tfc:wood/twig/birch":1,"tfc:food/rabbit":1,"tfc:ore/small_hematite":1,"tfc:wood/fallen_leaves/white_cedar":1,"tfc:wood/log/ash":1,"tfc:rooted_dirt/loam":1,"tfc:wood/twig/chestnut":2,"tfc:dirt/loam":2,"tfc:food/grouse":2,"tfc:rock/loose/chalk":2,"tfc:rock/loose/claystone":2,"tfc:stone/axe/igneous_extrusive":2,"minecraft:rotten_flesh":3,"tfc:wood/twig/spruce":1,"tfc:stone/javelin/igneous_extrusive":7,"minecraft:stick":2,"tfc:ore/small_bismuthinite":1,"tfc:rock/gravel/rhyolite":1,"tfc:food/duck":2,"tfc:dirt/sandy_loam":15,"dttfc:birch_seed":1,"tfc:firestarter":11,"tfc:sand/brown":13,"tfc:stone/shovel/igneous_extrusive":8,"tfc:rock/cobble/claystone":12,"tfc:ore/small_magnetite":1,"tfc:rock/cobble/rhyolite":1,"tfc:rock/loose/rhyolite":4},"minecraft:custom":{"minecraft:time_since_rest":12305,"minecraft:sprint_one_cm":218186,"minecraft:damage_taken":480,"minecraft:walk_one_cm":278503,"minecraft:mob_kills":4,"minecraft:drop":13,"minecraft:damage_dealt":238,"minecraft:swim_one_cm":51762,"minecraft:fly_one_cm":81622,"minecraft:crouch_one_cm":870,"minecraft:play_time":87299,"minecraft:deaths":2,"minecraft:sneak_time":1612,"minecraft:walk_under_water_one_cm":5703,"minecraft:jump":1479,"minecraft:leave_game":1,"minecraft:walk_on_water_one_cm":9476,"minecraft:time_since_death":12281,"minecraft:climb_one_cm":298,"minecraft:total_world_time":87299,"minecraft:fall_one_cm":17743},"minecraft:killed":{"tfc:duck":1,"tfc:grouse":1,"tfc:sheep":1}},"DataVersion":3465}