{"stats":{"minecraft:picked_up":{"minecraft:feather":10,"tfc:rock/loose/claystone":12,"tfc:wood/log/ash":12,"tfc:small_raw_hide":1,"tfc:pan/empty":1,"firmalife:rennet":3,"tfc:food/rabbit":1,"tfc:dirt/sandy_loam":15,"tfc:sand/brown":16,"minecraft:bone":5,"tfc:rock/loose/chalk":2,"minecraft:stick":6,"tfc:dirt/loam":6,"tfc:small_sheepskin_hide":1,"tfc:rooted_dirt/loam":1,"tfc:food/duck":4,"dttfc:birch_seed":1,"tfc:food/mutton":8,"tfc:wood/twig/chestnut":1,"tfc:rock/gravel/rhyolite":1,"tfc:food/grouse":2,"tfc:wood/stripped_log/ash":1},"minecraft:crafted":{"tfc:rock/cobble/claystone":12,"tfc:rock/cobble/rhyolite":1,"tfc:firestarter":1,"tfc:stone/shovel/igneous_extrusive":1,"tfc:stone/javelin/igneous_extrusive":1,"tfc:stone/axe/igneous_extrusive":2},"minecraft:dropped":{"tfc:rock/loose/claystone":1,"tfc:small_sheepskin_hide":1,"tfc:wood/log/ash":1,"tfc:food/pork":1,"tfc:sand/brown":3,"tfc:food/duck":2,"minecraft:bone":7},"minecraft:mined":{"tfc:rooted_dirt/loam":1,"tfc:dirt/sandy_loam":14,"tfc:dirt/loam":1,"tfc:grass/sandy_loam":1,"tfc:rock/gravel/rhyolite":1,"tfc:wood/stripped_log/ash":1,"tfc:grass/loam":5,"tfc:sand/brown":17,"minecraft:fire":1},"minecraft:used":{"tfc:ore/small_hematite":1,"tfc:pan/filled":29,"tfc:wood/log/ash":1,"tfc:rooted_dirt/loam":1,"tfc:wood/twig/chestnut":2,"tfc:dirt/loam":6,"tfc:food/grouse":2,"tfc:rock/loose/chalk":5,"minecraft:rotten_flesh":3,"tfc:stone/javelin/igneous_extrusive":7,"minecraft:stick":2,"tfc:wood/twig/spruce":1,"tfc:food/duck":2,"tfc:dirt/sandy_loam":15,"dttfc:birch_seed":1,"tfc:stone/shovel/igneous_extrusive":8,"tfc:rock/cobble/rhyolite":1,"tfc:rock/loose/rhyolite":4,"tfc:wood/twig/birch":1,"tfc:food/rabbit":1,"tfc:wood/fallen_leaves/white_cedar":1,"tfc:wood/stripped_log/ash":1,"tfc:pan/empty":60,"tfc:rock/loose/claystone":2,"tfc:stone/axe/igneous_extrusive":4,"tfc:ore/small_bismuthinite":1,"tfc:rock/gravel/rhyolite":1,"tfc:firestarter":11,"tfc:sand/brown":13,"minecraft:air":1,"tfc:rock/cobble/claystone":12,"tfc:ore/small_magnetite":1,"tfc:ore/small_cassiterite":1},"minecraft:custom":{"minecraft:mob_kills":4,"minecraft:leave_game":1,"minecraft:time_since_death":24281,"minecraft:climb_one_cm":298,"minecraft:time_since_rest":24305,"minecraft:sprint_one_cm":218678,"minecraft:walk_one_cm":292136,"minecraft:damage_taken":493,"minecraft:drop":16,"minecraft:damage_dealt":238,"minecraft:swim_one_cm":51762,"minecraft:fly_one_cm":81738,"minecraft:crouch_one_cm":870,"minecraft:play_time":99299,"minecraft:deaths":2,"minecraft:sneak_time":1806,"minecraft:walk_under_water_one_cm":11101,"minecraft:jump":1537,"minecraft:walk_on_water_one_cm":22266,"minecraft:total_world_time":99299,"minecraft:fall_one_cm":18287},"minecraft:killed":{"tfc:duck":1,"tfc:sheep":1,"tfc:grouse":1}},"DataVersion":3465}