{"stats":{"minecraft:picked_up":{"minecraft:stick":4,"tfc:food/rabbit":1,"tfc:dirt/sandy_loam":8,"minecraft:bone":3,"tfc:sand/brown":3,"dttfc:birch_seed":1,"tfc:rock/loose/claystone":8,"tfc:small_raw_hide":1},"minecraft:crafted":{"tfc:rock/cobble/rhyolite":1},"minecraft:dropped":{"tfc:rock/loose/claystone":1,"minecraft:bone":3},"minecraft:mined":{"tfc:dirt/sandy_loam":8,"tfc:sand/brown":4},"minecraft:used":{"tfc:wood/fallen_leaves/white_cedar":1,"tfc:dirt/sandy_loam":6,"dttfc:birch_seed":1,"tfc:sand/brown":1,"tfc:rock/loose/claystone":2,"tfc:rock/cobble/rhyolite":1,"tfc:rock/loose/rhyolite":1},"minecraft:custom":{"minecraft:time_since_rest":28141,"minecraft:crouch_one_cm":151,"minecraft:play_time":28141,"minecraft:sprint_one_cm":50202,"minecraft:damage_taken":12,"minecraft:walk_one_cm":50733,"minecraft:sneak_time":643,"minecraft:walk_under_water_one_cm":2686,"minecraft:mob_kills":1,"minecraft:drop":4,"minecraft:jump":486,"minecraft:damage_dealt":98,"minecraft:time_since_death":28141,"minecraft:walk_on_water_one_cm":4019,"minecraft:total_world_time":28141,"minecraft:climb_one_cm":298,"minecraft:swim_one_cm":15876,"minecraft:fall_one_cm":7737,"minecraft:fly_one_cm":37387}},"DataVersion":3465}