{"stats":{"minecraft:picked_up":{"minecraft:stick":4,"tfc:dirt/sandy_loam":1,"dttfc:birch_seed":1},"minecraft:crafted":{"tfc:rock/cobble/rhyolite":1},"minecraft:dropped":{"tfc:rock/loose/claystone":1},"minecraft:mined":{"tfc:dirt/sandy_loam":1},"minecraft:used":{"tfc:wood/fallen_leaves/white_cedar":1,"tfc:dirt/sandy_loam":1,"dttfc:birch_seed":1,"tfc:rock/loose/claystone":2,"tfc:rock/loose/rhyolite":1},"minecraft:custom":{"minecraft:time_since_rest":16141,"minecraft:crouch_one_cm":126,"minecraft:play_time":16141,"minecraft:sprint_one_cm":44735,"minecraft:walk_one_cm":23455,"minecraft:sneak_time":311,"minecraft:walk_under_water_one_cm":532,"minecraft:drop":1,"minecraft:jump":301,"minecraft:damage_dealt":8,"minecraft:time_since_death":16141,"minecraft:walk_on_water_one_cm":2317,"minecraft:total_world_time":16141,"minecraft:climb_one_cm":298,"minecraft:swim_one_cm":12144,"minecraft:fall_one_cm":6028,"minecraft:fly_one_cm":32587}},"DataVersion":3465}