{"stats":{"minecraft:picked_up":{"minecraft:stick":4,"minecraft:feather":4,"tfc:food/duck":4,"dttfc:birch_seed":1,"tfc:rock/loose/claystone":12,"tfc:small_raw_hide":1,"tfc:food/rabbit":1,"tfc:dirt/sandy_loam":9,"minecraft:bone":3,"tfc:sand/brown":16},"minecraft:crafted":{"tfc:rock/cobble/rhyolite":1,"tfc:rock/cobble/claystone":12,"tfc:firestarter":1},"minecraft:dropped":{"tfc:sand/brown":3,"tfc:food/duck":2,"tfc:rock/loose/claystone":1,"minecraft:bone":3},"minecraft:mined":{"tfc:dirt/sandy_loam":9,"minecraft:fire":1,"tfc:sand/brown":17},"minecraft:used":{"tfc:wood/twig/birch":1,"tfc:food/rabbit":1,"tfc:wood/fallen_leaves/white_cedar":1,"tfc:rock/loose/claystone":2,"minecraft:rotten_flesh":3,"minecraft:stick":2,"tfc:ore/small_bismuthinite":1,"tfc:food/duck":2,"tfc:dirt/sandy_loam":9,"dttfc:birch_seed":1,"tfc:firestarter":9,"tfc:sand/brown":13,"tfc:rock/cobble/claystone":12,"tfc:ore/small_magnetite":1,"tfc:rock/cobble/rhyolite":1,"tfc:rock/loose/rhyolite":1},"minecraft:custom":{"minecraft:time_since_rest":53092,"minecraft:sprint_one_cm":50245,"minecraft:damage_taken":115,"minecraft:walk_one_cm":170691,"minecraft:mob_kills":2,"minecraft:drop":9,"minecraft:damage_dealt":138,"minecraft:swim_one_cm":15876,"minecraft:fly_one_cm":37596,"minecraft:crouch_one_cm":807,"minecraft:play_time":53092,"minecraft:sneak_time":1443,"minecraft:walk_under_water_one_cm":4094,"minecraft:jump":878,"minecraft:leave_game":1,"minecraft:walk_on_water_one_cm":4673,"minecraft:time_since_death":53092,"minecraft:climb_one_cm":298,"minecraft:total_world_time":53092,"minecraft:fall_one_cm":10905},"minecraft:killed":{"tfc:duck":1}},"DataVersion":3465}