{"stats":{"minecraft:picked_up":{"minecraft:stick":4,"dttfc:birch_seed":1},"minecraft:used":{"dttfc:birch_seed":1,"tfc:rock/loose/rhyolite":1},"minecraft:custom":{"minecraft:jump":54,"minecraft:time_since_rest":4141,"minecraft:crouch_one_cm":70,"minecraft:sprint_one_cm":7994,"minecraft:play_time":4141,"minecraft:time_since_death":4141,"minecraft:walk_one_cm":6397,"minecraft:sneak_time":158,"minecraft:climb_one_cm":298,"minecraft:total_world_time":4141,"minecraft:fall_one_cm":1103,"minecraft:fly_one_cm":5108}},"DataVersion":3465}