{"stats":{"minecraft:picked_up":{"tfc:food/beet":4,"minecraft:clay_ball":194,"tfc:deposit/native_gold/chalk":2,"tfc:seeds/pumpkin":1,"minecraft:flint":4,"waterflasks:bladder":1,"firmalife:food/red_grapes":1,"tfc:wood/log/ash":1,"tfc:pan/empty":1,"tfc:stone/hoe/igneous_extrusive":2,"firmalife:rennet":7,"tfc:straw":9,"tfc:ceramic/jug":2,"tfc:food/rabbit":2,"tfc:dirt/sandy_loam":60,"minecraft:bone":47,"tfc:rock/loose/chalk":8,"tfc:wood/log/chestnut":9,"minecraft:gold_nugget":2,"tfc:food/cooked_horse_meat":6,"tfc:seeds/garlic":6,"tfc:food/rainbow_trout":3,"minecraft:stick":64,"tfc:wood/log/birch":29,"tfc:food/horse_meat":14,"tfc:ceramic/vessel":5,"tfc:dirt/loam":8,"tfc:small_sheepskin_hide":2,"tfc:medium_raw_hide":4,"dttfc:birch_seed":4,"tfc:food/mutton":18,"tfc:rock/loose/rhyolite":35,"tfc:stone/shovel/igneous_extrusive":2,"tfc:wood/log/white_cedar":9,"tfc:stone/axe/igneous_extrusive":2,"minecraft:clay":40,"tfc:rock/gravel/chalk":10,"tfc:stone/javelin/igneous_extrusive":1,"tfc:goat_horn":1,"tfc:rock/gravel/rhyolite":2,"tfc:pumpkin":8,"tfc:plant/butterfly_milkweed":1,"tfc:wood/twig/birch":2},"minecraft:crafted":{"tfc:stone/shovel/igneous_extrusive":2,"tfc:stone/javelin/igneous_extrusive":1,"tfc:stone/axe/igneous_extrusive":2,"minecraft:clay":21},"minecraft:broken":{"tfc:stone/shovel/igneous_extrusive":1},"minecraft:dropped":{"tfc:powder/wood_ash":1,"minecraft:clay":40,"htm:hammer_head":1,"tfc:seeds/garlic":4,"tfc:pumpkin":6,"tfc:rock/loose/chalk":4,"tfc:stone/axe/igneous_extrusive":1,"tfc:wood/log/birch":16,"tfc:pan/empty":1,"tfc:wood/twig/chestnut":5,"tfc:medium_raw_hide":2,"minecraft:clay_ball":110,"tfc:goat_horn":1,"tfc:wood/twig/white_cedar":7,"tfc:stone/javelin/igneous_extrusive":2,"tfc:food/rabbit":1,"tfc:dirt/sandy_loam":1,"tfc:rock/loose/rhyolite":11,"tfc:wood/log/white_cedar":9,"dttfc:birch_seed":4,"minecraft:stick":9,"minecraft:flint":2,"tfc:small_sheepskin_hide":2,"tfc:wood/log/ash":1,"waterflasks:bladder":1,"tfc:stone/shovel/igneous_extrusive":1,"tfc:dirt/loam":1,"tfc:wood/twig/birch":6,"minecraft:gold_nugget":2,"tfc:food/mutton":1,"tfc:ore/small_cassiterite":2,"firmalife:rennet":7,"tfc:ore/small_malachite":1,"tfc:ceramic/vessel":3,"minecraft:bone":26,"tfc:stone/hoe/igneous_extrusive":1},"minecraft:mined":{"tfc:deposit/native_gold/chalk":2,"tfc:dirt/sandy_loam":15,"tfc:dirt/loam":1,"tfc:rooted_dirt/sandy_loam":1,"tfc:grass/sandy_loam":54,"tfc:rock/gravel/rhyolite":3,"minecraft:clay":1,"tfc:rock/gravel/chalk":8,"tfc:grass/loam":8,"tfc:clay/sandy_loam":36,"tfc:wood/log/chestnut":1,"tfc:pumpkin":6,"tfc:clay_grass/sandy_loam":9},"minecraft:used":{"tfc:wood/log/chestnut":1,"tfc:plant/butterfly_milkweed":1,"tfc:food/horse_meat":5,"tfc:pan/filled":30,"tfc:dirt/loam":7,"tfc:rock/loose/chalk":1,"minecraft:clay":8,"tfc:stone/javelin/igneous_extrusive":11,"minecraft:stick":1,"tfc:dirt/sandy_loam":59,"minecraft:flint":1,"tfc:stone/shovel/igneous_extrusive":153,"tfc:food/pork":3,"tfc:wood/twig/birch":1,"tfc:food/rabbit":1,"tfc:rock/gravel/chalk":10,"tfc:food/beet":3,"minecraft:bone":2,"tfc:pan/empty":60,"tfc:food/cooked_horse_meat":6,"tfc:stone/axe/igneous_extrusive":55,"tfc:deposit/native_gold/chalk":2,"tfc:rock/gravel/rhyolite":2,"tfc:food/mutton":1},"minecraft:custom":{"minecraft:mob_kills":7,"minecraft:time_since_death":75276,"minecraft:time_since_rest":75301,"minecraft:sprint_one_cm":255512,"minecraft:damage_taken":406,"minecraft:walk_one_cm":228785,"minecraft:drop":66,"minecraft:damage_dealt":526,"minecraft:swim_one_cm":25580,"minecraft:fly_one_cm":223431,"minecraft:crouch_one_cm":11440,"minecraft:play_time":89666,"minecraft:deaths":1,"minecraft:sneak_time":3759,"minecraft:walk_under_water_one_cm":14950,"minecraft:jump":1978,"minecraft:walk_on_water_one_cm":46113,"minecraft:total_world_time":89666,"minecraft:fall_one_cm":40680,"minecraft:horse_one_cm":681},"minecraft:killed":{"tfc:rainbow_trout":5,"tfc:horse":1,"tfc:rabbit":1}},"DataVersion":3465}