{"stats":{"minecraft:picked_up":{"tfc:food/beet":4,"tfc:pan/filled":1,"minecraft:clay_ball":194,"tfc:deposit/native_gold/chalk":2,"tfc:seeds/pumpkin":1,"minecraft:flint":4,"waterflasks:bladder":1,"firmalife:food/red_grapes":1,"tfc:food/cooked_mutton":1,"minecraft:gunpowder":1,"tfc:powder/native_copper":69,"tfc:wood/log/ash":1,"tfc:pan/empty":3,"tfc:stone/hoe/igneous_extrusive":2,"firmalife:rennet":7,"tfc:straw":10,"tfc:ceramic/jug":2,"tfc:stone/javelin_head/sedimentary":1,"tfc:food/rabbit":2,"tfc:dirt/sandy_loam":60,"minecraft:bone":50,"tfc:rock/loose/chalk":43,"tfc:wood/log/chestnut":9,"minecraft:gold_nugget":2,"tfc:food/cooked_horse_meat":6,"tfc:powder/wood_ash":2,"tfc:seeds/garlic":6,"tfc:food/venison":26,"tfc:food/rainbow_trout":3,"minecraft:stick":64,"tfc:wood/log/birch":29,"tfc:food/horse_meat":14,"tfc:ceramic/vessel":5,"tfc:dirt/loam":8,"tfc:small_sheepskin_hide":2,"tfc:medium_raw_hide":5,"dttfc:birch_seed":4,"tfc:food/mutton":20,"tfc:rock/loose/rhyolite":36,"tfc:stone/shovel/igneous_extrusive":2,"tfc:wood/log/white_cedar":9,"tfc:stone/axe/igneous_extrusive":2,"minecraft:clay":40,"tfc:rock/gravel/chalk":10,"tfc:stone/javelin/igneous_extrusive":3,"tfc:goat_horn":1,"tfc:rock/gravel/rhyolite":2,"tfc:pumpkin":8,"tfc:plant/butterfly_milkweed":1,"tfc:food/pork":1,"tfc:food/grouse":3,"tfc:wood/twig/birch":2},"minecraft:crafted":{"tfc:stone/axe/sedimentary":1,"tfc:stone/shovel/sedimentary":1,"tfc:stone/shovel/igneous_extrusive":2,"tfc:stone/javelin/sedimentary":1,"tfc:stone/javelin/igneous_extrusive":1,"tfc:stone/axe/igneous_extrusive":2,"minecraft:clay":21},"minecraft:broken":{"tfc:stone/shovel/igneous_extrusive":1},"minecraft:dropped":{"tfc:powder/wood_ash":3,"minecraft:clay":43,"htm:hammer_head":1,"tfc:seeds/garlic":4,"tfc:pumpkin":6,"tfc:rock/loose/chalk":39,"tfc:stone/javelin_head/sedimentary":1,"tfc:stone/axe/igneous_extrusive":1,"tfc:wood/log/birch":16,"tfc:pan/empty":2,"tfc:wood/twig/chestnut":5,"tfc:medium_raw_hide":2,"minecraft:clay_ball":110,"tfc:goat_horn":1,"tfc:wood/twig/white_cedar":7,"tfc:stone/javelin/igneous_extrusive":2,"tfc:powder/native_copper":98,"tfc:food/rabbit":1,"tfc:dirt/sandy_loam":1,"tfc:rock/loose/rhyolite":12,"tfc:wood/log/white_cedar":9,"dttfc:birch_seed":4,"minecraft:stick":9,"minecraft:flint":2,"tfc:small_sheepskin_hide":2,"tfc:wood/log/ash":1,"waterflasks:bladder":1,"tfc:stone/shovel/igneous_extrusive":1,"tfc:dirt/loam":1,"tfc:wood/twig/birch":6,"tfc:pan/filled":1,"minecraft:gold_nugget":2,"tfc:food/mutton":6,"tfc:ore/small_cassiterite":2,"firmalife:rennet":7,"tfc:ore/small_malachite":1,"tfc:ceramic/vessel":3,"minecraft:bone":29,"tfc:stone/hoe/igneous_extrusive":1},"minecraft:mined":{"tfc:deposit/native_gold/chalk":2,"tfc:dirt/sandy_loam":15,"tfc:dirt/loam":1,"tfc:rooted_dirt/sandy_loam":1,"tfc:grass/sandy_loam":54,"tfc:rock/gravel/rhyolite":3,"minecraft:clay":1,"tfc:rock/gravel/chalk":8,"tfc:grass/loam":8,"tfc:placed_item":3,"tfc:clay/sandy_loam":36,"tfc:log_pile":1,"tfc:wood/log/chestnut":1,"tfc:pumpkin":6,"tfc:clay_grass/sandy_loam":9},"minecraft:used":{"tfc:wood/log/chestnut":1,"tfc:plant/butterfly_milkweed":1,"tfc:food/horse_meat":5,"tfc:pan/filled":74,"tfc:dirt/loam":7,"tfc:stone/axe/sedimentary":6,"tfc:rock/loose/chalk":1,"minecraft:clay":8,"tfc:stone/javelin/igneous_extrusive":26,"minecraft:stick":1,"tfc:dirt/sandy_loam":59,"minecraft:flint":1,"tfc:stone/shovel/igneous_extrusive":153,"tfc:food/pork":4,"tfc:wood/twig/birch":1,"tfc:food/rabbit":1,"tfc:rock/gravel/chalk":10,"tfc:food/beet":3,"minecraft:bone":2,"tfc:stone/javelin/sedimentary":5,"tfc:pan/empty":148,"tfc:food/cooked_horse_meat":6,"tfc:stone/axe/igneous_extrusive":56,"tfc:deposit/native_gold/chalk":2,"tfc:rock/gravel/rhyolite":2,"tfc:food/cooked_mutton":1,"tfc:food/mutton":4},"minecraft:custom":{"minecraft:mob_kills":11,"minecraft:time_since_death":111276,"minecraft:time_since_rest":111301,"minecraft:sprint_one_cm":400839,"minecraft:damage_taken":439,"minecraft:walk_one_cm":310833,"minecraft:drop":84,"minecraft:damage_dealt":705,"minecraft:swim_one_cm":59335,"minecraft:fly_one_cm":323906,"minecraft:crouch_one_cm":15560,"minecraft:play_time":125666,"minecraft:deaths":1,"minecraft:sneak_time":5403,"minecraft:walk_under_water_one_cm":47296,"minecraft:jump":2618,"minecraft:walk_on_water_one_cm":87123,"minecraft:total_world_time":125666,"minecraft:fall_one_cm":53609,"minecraft:horse_one_cm":681},"minecraft:killed":{"tfc:rainbow_trout":5,"tfc:horse":1,"minecraft:creeper":1,"tfc:rabbit":1,"tfc:deer":1,"tfc:grouse":1,"tfc:moose":1}},"DataVersion":3465}