{"stats":{"minecraft:picked_up":{"tfc:food/beet":4,"minecraft:clay_ball":190,"tfc:deposit/native_gold/chalk":2,"tfc:seeds/pumpkin":1,"minecraft:flint":3,"waterflasks:bladder":1,"firmalife:food/red_grapes":1,"tfc:stone/hoe/igneous_extrusive":2,"firmalife:rennet":7,"tfc:straw":2,"tfc:ceramic/jug":1,"tfc:food/rabbit":2,"tfc:dirt/sandy_loam":58,"minecraft:bone":47,"tfc:rock/loose/chalk":3,"tfc:wood/log/chestnut":8,"tfc:food/cooked_horse_meat":2,"tfc:seeds/garlic":6,"minecraft:stick":35,"tfc:wood/log/birch":29,"tfc:food/horse_meat":14,"tfc:ceramic/vessel":4,"tfc:dirt/loam":5,"tfc:small_sheepskin_hide":2,"tfc:medium_raw_hide":4,"dttfc:birch_seed":4,"tfc:food/mutton":18,"tfc:rock/loose/rhyolite":35,"tfc:stone/shovel/igneous_extrusive":2,"tfc:stone/axe/igneous_extrusive":2,"minecraft:clay":40,"tfc:rock/gravel/chalk":10,"tfc:stone/javelin/igneous_extrusive":1,"tfc:goat_horn":1,"tfc:rock/gravel/rhyolite":2,"tfc:pumpkin":8,"tfc:plant/butterfly_milkweed":1,"tfc:wood/twig/birch":2},"minecraft:crafted":{"tfc:stone/shovel/igneous_extrusive":2,"tfc:stone/javelin/igneous_extrusive":1,"tfc:stone/axe/igneous_extrusive":2,"minecraft:clay":21},"minecraft:broken":{"tfc:stone/shovel/igneous_extrusive":1},"minecraft:dropped":{"minecraft:clay":40,"htm:hammer_head":1,"tfc:seeds/garlic":4,"tfc:pumpkin":6,"tfc:stone/axe/igneous_extrusive":1,"tfc:wood/log/birch":16,"tfc:wood/twig/chestnut":5,"tfc:medium_raw_hide":2,"minecraft:clay_ball":106,"tfc:goat_horn":1,"tfc:wood/twig/white_cedar":7,"tfc:stone/javelin/igneous_extrusive":2,"tfc:food/rabbit":1,"tfc:dirt/sandy_loam":1,"tfc:rock/loose/rhyolite":11,"dttfc:birch_seed":4,"minecraft:flint":2,"tfc:small_sheepskin_hide":2,"waterflasks:bladder":1,"tfc:stone/shovel/igneous_extrusive":1,"tfc:dirt/loam":1,"tfc:wood/twig/birch":6,"tfc:food/mutton":1,"tfc:ore/small_cassiterite":2,"firmalife:rennet":7,"tfc:ore/small_malachite":1,"tfc:ceramic/vessel":2,"minecraft:bone":18,"tfc:stone/hoe/igneous_extrusive":1},"minecraft:mined":{"tfc:deposit/native_gold/chalk":2,"tfc:dirt/sandy_loam":15,"tfc:dirt/loam":1,"tfc:rooted_dirt/sandy_loam":1,"tfc:grass/sandy_loam":49,"tfc:rock/gravel/rhyolite":3,"minecraft:clay":1,"tfc:rock/gravel/chalk":8,"tfc:grass/loam":5,"tfc:clay/sandy_loam":36,"tfc:pumpkin":6,"tfc:clay_grass/sandy_loam":9},"minecraft:used":{"tfc:plant/butterfly_milkweed":1,"tfc:food/horse_meat":5,"tfc:pan/filled":16,"tfc:dirt/loam":4,"minecraft:clay":8,"tfc:stone/javelin/igneous_extrusive":11,"minecraft:stick":1,"tfc:dirt/sandy_loam":57,"tfc:stone/shovel/igneous_extrusive":145,"tfc:food/pork":3,"tfc:wood/twig/birch":1,"tfc:food/rabbit":1,"tfc:rock/gravel/chalk":10,"tfc:food/beet":3,"minecraft:bone":2,"tfc:pan/empty":34,"tfc:food/cooked_horse_meat":2,"tfc:stone/axe/igneous_extrusive":45,"tfc:deposit/native_gold/chalk":2,"tfc:rock/gravel/rhyolite":2,"tfc:food/mutton":1},"minecraft:custom":{"minecraft:mob_kills":2,"minecraft:time_since_death":63276,"minecraft:time_since_rest":63301,"minecraft:sprint_one_cm":236665,"minecraft:damage_taken":377,"minecraft:walk_one_cm":197452,"minecraft:drop":53,"minecraft:damage_dealt":376,"minecraft:swim_one_cm":22473,"minecraft:fly_one_cm":204647,"minecraft:crouch_one_cm":11437,"minecraft:play_time":77666,"minecraft:deaths":1,"minecraft:sneak_time":3595,"minecraft:walk_under_water_one_cm":3664,"minecraft:jump":1767,"minecraft:walk_on_water_one_cm":31327,"minecraft:total_world_time":77666,"minecraft:fall_one_cm":36336,"minecraft:horse_one_cm":681},"minecraft:killed":{"tfc:horse":1,"tfc:rabbit":1}},"DataVersion":3465}