{"stats":{"minecraft:picked_up":{"tfc:pan/filled":1,"minecraft:clay_ball":194,"tfc:deposit/native_gold/chalk":2,"tfc:seeds/pumpkin":1,"tfc:ceramic/pickaxe_head_mold":3,"tfc:pan/empty":3,"tfc:stone/hoe/igneous_extrusive":2,"firmalife:rennet":7,"tfc:straw":32,"tfc:ceramic/jug":2,"tfc:dirt/sandy_loam":60,"minecraft:gold_nugget":2,"tfc:ceramic/saw_blade_mold":2,"tfc:food/cooked_horse_meat":6,"tfc:seeds/garlic":6,"tfc:powder/wood_ash":2,"tfc:food/venison":26,"dttfc:spruce_seed":1,"notreepunching:flint_shard":4,"minecraft:stick":115,"tfc:food/horse_meat":14,"tfc:metal/saw/copper":1,"tfc:food/mutton":20,"dttfc:birch_seed":9,"tfc:rock/loose/rhyolite":36,"tfc:wood/log/white_cedar":9,"tfc:stone/axe/igneous_extrusive":5,"tfc:wood/log/spruce":12,"tfc:wood/lumber/ash":8,"tfc:rock/gravel/chalk":10,"tfc:goat_horn":1,"tfc:food/beet":4,"tfc:food/pheasant":2,"waterflasks:bladder":1,"minecraft:flint":5,"firmalife:food/red_grapes":1,"tfc:food/cooked_mutton":1,"tfc:ore/small_cassiterite":2,"minecraft:gunpowder":3,"tfc:wood/log/ash":1,"tfc:powder/native_copper":69,"tfc:food/rabbit":2,"tfc:stone/javelin_head/sedimentary":1,"minecraft:bone":50,"tfc:wood/log/chestnut":23,"tfc:rock/loose/chalk":44,"tfc:large_raw_hide":1,"tfc:large_sheepskin_hide":3,"tfc:food/rainbow_trout":3,"tfc:wood/log/birch":52,"tfc:ceramic/vessel":5,"tfc:dirt/loam":8,"tfc:small_sheepskin_hide":2,"tfc:medium_raw_hide":5,"tfc:stone/shovel/igneous_extrusive":2,"minecraft:clay":40,"tfc:stone/javelin/igneous_extrusive":4,"tfc:stone/javelin/sedimentary":3,"tfc:rock/gravel/rhyolite":2,"tfc:pumpkin":8,"tfc:plant/butterfly_milkweed":1,"tfc:food/pork":1,"tfc:food/grouse":3,"tfc:wood/twig/birch":2},"minecraft:crafted":{"tfc:stone/axe/sedimentary":1,"tfc:wood/lumber/ash":8,"htm:plant_string":5,"tfc:wood/chest/chestnut":3,"tfc:wood/planks/ash":2,"notreepunching:flint_knife":2,"tfc:stone/shovel/sedimentary":1,"tfc:wood/planks/chestnut":16,"tfc:wood/lumber/birch":48,"tfc:stone/shovel/igneous_extrusive":2,"tfc:metal/saw_blade/copper":1,"tfc:stone/javelin/sedimentary":1,"tfc:stone/javelin/igneous_extrusive":1,"tfc:metal/pickaxe_head/copper":1,"tfc:metal/pickaxe/copper":1,"tfc:wood/lumber/spruce":96,"tfc:stone/axe/igneous_extrusive":2,"minecraft:clay":21,"tfc:wood/lumber/chestnut":112,"tfc:metal/saw/copper":1},"minecraft:broken":{"notreepunching:flint_knife":1,"tfc:stone/shovel/igneous_extrusive":1,"tfc:stone/axe/sedimentary":1},"minecraft:dropped":{"minecraft:clay":43,"tfc:metal/saw/copper":1,"tfc:seeds/garlic":4,"tfc:pumpkin":6,"tfc:rock/loose/chalk":39,"tfc:stone/javelin_head/sedimentary":1,"tfc:wood/log/birch":33,"tfc:straw":8,"tfc:pan/empty":2,"tfc:wood/twig/chestnut":5,"tfc:medium_raw_hide":2,"tfc:wood/planks/ash":2,"tfc:food/rabbit":1,"dttfc:birch_seed":5,"minecraft:stick":9,"minecraft:flint":3,"tfc:small_sheepskin_hide":2,"tfc:wood/log/ash":1,"tfc:large_sheepskin_hide":2,"tfc:stone/shovel/igneous_extrusive":1,"tfc:wood/twig/birch":6,"minecraft:gold_nugget":2,"minecraft:bone":29,"tfc:powder/wood_ash":3,"htm:hammer_head":1,"tfc:stone/axe/igneous_extrusive":5,"minecraft:clay_ball":110,"tfc:wood/twig/white_cedar":7,"tfc:goat_horn":1,"tfc:stone/javelin/sedimentary":2,"tfc:stone/javelin/igneous_extrusive":3,"tfc:powder/native_copper":98,"tfc:dirt/sandy_loam":1,"tfc:rock/loose/rhyolite":12,"tfc:wood/log/white_cedar":9,"waterflasks:bladder":1,"tfc:ceramic/pickaxe_head_mold":1,"minecraft:gunpowder":2,"tfc:dirt/loam":1,"tfc:pan/filled":1,"tfc:food/mutton":6,"dttfc:spruce_seed":1,"notreepunching:flint_shard":1,"tfc:ore/small_cassiterite":2,"firmalife:rennet":7,"tfc:ore/small_malachite":1,"tfc:ceramic/vessel":3,"tfc:stone/hoe/igneous_extrusive":1},"minecraft:mined":{"tfc:deposit/native_gold/chalk":2,"tfc:dirt/sandy_loam":15,"tfc:dirt/loam":1,"tfc:rooted_dirt/sandy_loam":1,"tfc:grass/sandy_loam":54,"tfc:wood/log/chestnut":1,"tfc:pumpkin":6,"tfc:clay_grass/sandy_loam":9,"tfc:wood/log/birch":1,"tfc:rock/gravel/rhyolite":3,"minecraft:clay":1,"tfc:rock/gravel/chalk":8,"tfc:grass/loam":8,"tfc:placed_item":6,"tfc:clay/sandy_loam":36,"tfc:log_pile":1,"tfc:rock/raw/chalk":1},"minecraft:used":{"tfc:food/cooked_venison":3,"tfc:plant/butterfly_milkweed":1,"tfc:dirt/loam":7,"tfc:food/grouse":1,"tfc:stone/axe/sedimentary":10,"tfc:rock/loose/chalk":2,"tfc:stone/javelin/igneous_extrusive":28,"minecraft:stick":1,"tfc:metal/saw/copper":2,"tfc:stone/shovel/igneous_extrusive":153,"tfc:food/pork":5,"tfc:stone/axe/igneous_extrusive":56,"tfc:deposit/native_gold/chalk":2,"tfc:food/mutton":4,"tfc:food/cooked_mutton":1,"tfc:food/pheasant":2,"tfc:wood/log/chestnut":1,"tfc:food/horse_meat":5,"tfc:pan/filled":74,"minecraft:clay":8,"notreepunching:flint_knife":60,"tfc:dirt/sandy_loam":59,"minecraft:flint":2,"tfc:wood/chest/chestnut":3,"tfc:wood/twig/birch":1,"tfc:food/rabbit":1,"tfc:metal/pickaxe/copper":1,"tfc:rock/gravel/chalk":10,"tfc:food/beet":3,"minecraft:bone":2,"tfc:stone/javelin/sedimentary":6,"tfc:pan/empty":148,"tfc:food/cooked_horse_meat":6,"tfc:rock/gravel/rhyolite":2},"minecraft:custom":{"minecraft:mob_kills":12,"minecraft:interact_with_crafting_table":7,"minecraft:time_since_death":141276,"minecraft:sprint_one_cm":479770,"minecraft:walk_one_cm":366223,"minecraft:drop":107,"minecraft:play_time":155666,"minecraft:deaths":1,"minecraft:sneak_time":5724,"minecraft:walk_under_water_one_cm":47596,"minecraft:jump":3044,"minecraft:walk_on_water_one_cm":87568,"minecraft:total_world_time":155666,"minecraft:time_since_rest":141301,"minecraft:damage_taken":439,"minecraft:damage_dealt":715,"minecraft:swim_one_cm":60331,"minecraft:fly_one_cm":391183,"minecraft:open_chest":17,"minecraft:crouch_one_cm":16651,"minecraft:fall_one_cm":61574,"minecraft:horse_one_cm":681},"minecraft:killed":{"tfc:rainbow_trout":5,"tfc:pheasant":1,"tfc:horse":1,"minecraft:creeper":1,"tfc:rabbit":1,"tfc:deer":1,"tfc:grouse":1,"tfc:moose":1}},"DataVersion":3465}