{"stats":{"minecraft:picked_up":{"tfc:pan/filled":1,"tfc:wood/planks/chestnut":27,"minecraft:clay_ball":204,"tfc:deposit/native_gold/chalk":2,"tfc:seeds/pumpkin":1,"tfc:ceramic/pickaxe_head_mold":4,"tfc:pan/empty":9,"tfc:stone/hoe/igneous_extrusive":2,"firmalife:rennet":7,"tfc:straw":44,"tfc:ceramic/jug":2,"tfc:dirt/sandy_loam":232,"tfc:rock/cobble/chalk":34,"tfc:food/cooked_venison":9,"minecraft:gold_nugget":2,"tfc:ceramic/saw_blade_mold":2,"tfc:food/cooked_horse_meat":6,"tfc:ceramic/large_vessel":15,"tfc:wood/planks/ash":2,"tfc:plant/artists_conk":1,"firmalife:seeds/red_grape":72,"tfc:seeds/garlic":6,"tfc:powder/wood_ash":2,"tfc:food/venison":27,"dttfc:spruce_seed":1,"notreepunching:flint_shard":7,"minecraft:stick":217,"tfc:food/horse_meat":14,"tfc:metal/saw/copper":1,"tfc:food/mutton":20,"dttfc:birch_seed":15,"tfc:rock/loose/rhyolite":52,"tfc:stone/shovel/sedimentary":3,"tfc:wood/log/white_cedar":9,"tfc:stone/shovel_head/sedimentary":1,"tfc:stone/axe/igneous_extrusive":5,"tfc:wood/log/spruce":14,"tfc:wood/lumber/ash":8,"tfc:rock/gravel/chalk":73,"tfc:goat_horn":1,"tfc:wood/chest/chestnut":5,"tfc:torch":4,"tfc:wood/lumber/birch":8,"tfc:food/beet":4,"tfc:food/pheasant":2,"waterflasks:bladder":1,"minecraft:flint":51,"tfc:wood/planks/birch":47,"firmalife:food/red_grapes":17,"tfc:food/cooked_mutton":8,"tfc:ore/small_cassiterite":5,"minecraft:gunpowder":3,"tfc:wood/log/ash":1,"tfc:powder/native_copper":71,"tfc:food/rabbit":2,"tfc:stone/javelin_head/sedimentary":1,"minecraft:bone":55,"tfc:wood/log/chestnut":32,"tfc:rock/loose/chalk":343,"tfc:plant/sword_fern":1,"tfc:large_raw_hide":1,"tfc:large_sheepskin_hide":3,"tfc:food/rainbow_trout":7,"htm:plant_string":5,"tfc:wood/log/birch":89,"tfc:deposit/native_copper/chalk":1,"tfc:ore/small_native_copper":1,"tfc:ceramic/vessel":5,"tfc:dirt/loam":11,"tfc:small_sheepskin_hide":2,"tfc:medium_raw_hide":6,"tfc:stone/shovel/igneous_extrusive":3,"tfc:wood/planks/spruce":29,"minecraft:clay":40,"tfc:stone/javelin/igneous_extrusive":4,"tfc:stone/javelin/sedimentary":3,"tfc:rock/gravel/rhyolite":2,"tfc:pumpkin":11,"tfc:plant/butterfly_milkweed":1,"tfc:food/pork":1,"tfc:food/grouse":3,"tfc:wood/twig/birch":2},"minecraft:crafted":{"tfc:stone/axe/sedimentary":1,"tfc:wood/lumber/ash":8,"htm:plant_string":5,"tfc:stone/hoe/sedimentary":1,"tfc:wood/chest/chestnut":3,"tfc:wood/planks/ash":4,"notreepunching:flint_knife":2,"tfc:stone/shovel/sedimentary":2,"tfc:wood/planks/chestnut":32,"tfc:wood/planks/spruce":26,"tfc:wood/lumber/birch":336,"tfc:stone/shovel/igneous_extrusive":2,"tfc:rock/cobble/chalk":60,"tfc:metal/saw_blade/copper":1,"tfc:stone/javelin/sedimentary":1,"tfc:stone/javelin/igneous_extrusive":1,"tfc:metal/pickaxe_head/copper":1,"tfc:metal/pickaxe/copper":1,"tfc:wood/planks/birch":76,"tfc:wood/lumber/spruce":104,"tfc:stone/axe/igneous_extrusive":2,"minecraft:clay":21,"tfc:wood/lumber/chestnut":152,"tfc:metal/saw/copper":1},"minecraft:broken":{"notreepunching:flint_knife":1,"tfc:stone/shovel/igneous_extrusive":1,"tfc:stone/shovel/sedimentary":2,"tfc:stone/axe/sedimentary":1},"minecraft:dropped":{"tfc:wood/planks/birch":1,"minecraft:clay":43,"tfc:wood/log/chestnut":1,"tfc:metal/saw/copper":1,"tfc:seeds/garlic":4,"tfc:pumpkin":6,"tfc:rock/loose/chalk":122,"tfc:stone/javelin_head/sedimentary":1,"tfc:wood/log/birch":33,"tfc:straw":18,"tfc:pan/empty":3,"tfc:wood/twig/chestnut":5,"tfc:medium_raw_hide":2,"tfc:wood/planks/ash":2,"tfc:food/rabbit":1,"tfc:wood/planks/chestnut":1,"dttfc:birch_seed":7,"minecraft:stick":71,"minecraft:flint":10,"tfc:small_sheepskin_hide":2,"tfc:wood/lumber/birch":16,"tfc:wood/log/ash":1,"tfc:large_sheepskin_hide":2,"tfc:rock/gravel/chalk":14,"tfc:stone/shovel/igneous_extrusive":2,"tfc:plant/artists_conk":1,"tfc:wood/twig/birch":6,"minecraft:gold_nugget":3,"minecraft:bone":35,"tfc:powder/wood_ash":3,"htm:hammer_head":1,"tfc:stone/shovel/sedimentary":2,"tfc:stone/axe/igneous_extrusive":5,"minecraft:clay_ball":110,"tfc:wood/twig/white_cedar":7,"tfc:goat_horn":1,"tfc:stone/javelin/sedimentary":3,"tfc:stone/javelin/igneous_extrusive":3,"tfc:stone/shovel_head/sedimentary":1,"tfc:powder/native_copper":98,"tfc:dirt/sandy_loam":78,"tfc:rock/loose/rhyolite":22,"firmalife:food/red_grapes":2,"tfc:wood/log/white_cedar":9,"waterflasks:bladder":1,"tfc:ceramic/pickaxe_head_mold":1,"minecraft:gunpowder":2,"tfc:food/venison":2,"firmalife:seeds/red_grape":18,"tfc:dirt/loam":1,"tfc:pan/filled":1,"tfc:wood/chest/chestnut":1,"tfc:food/mutton":6,"dttfc:spruce_seed":1,"notreepunching:flint_shard":3,"tfc:ore/small_cassiterite":5,"firmalife:rennet":7,"tfc:food/cooked_mutton":2,"tfc:ore/small_malachite":1,"tfc:ceramic/vessel":4,"tfc:stone/hoe/igneous_extrusive":1},"minecraft:mined":{"tfc:deposit/native_gold/chalk":2,"tfc:wood/planks/spruce":29,"tfc:plant/houstonia":1,"tfc:rock/loose/chalk":4,"tfc:dirt/sandy_loam":74,"tfc:dirt/loam":1,"tfc:rooted_dirt/sandy_loam":1,"tfc:grass/sandy_loam":70,"tfc:wood/chest/chestnut":1,"tfc:plant/lilac":1,"tfc:plant/artists_conk":1,"tfc:plant/bluegrass":6,"tfc:wood/log/chestnut":4,"dttfc:spruce_leaves":1,"tfc:pumpkin":6,"tfc:clay_grass/sandy_loam":10,"tfc:wood/log/birch":2,"tfc:rock/gravel/rhyolite":3,"minecraft:clay":2,"firmalife:plant/wild_red_grapes":8,"tfc:wood/planks/ash":2,"tfc:wood/leaves/chestnut":2,"tfc:plant/ryegrass":3,"tfc:rock/gravel/chalk":51,"tfc:grass/loam":9,"tfc:plant/sword_fern":1,"tfc:wood/planks/chestnut":22,"tfc:placed_item":37,"tfc:clay/sandy_loam":38,"tfc:plant/heather":1,"tfc:log_pile":1,"tfc:ceramic/large_vessel":8,"tfc:deposit/native_copper/chalk":1,"tfc:wood/planks/birch":42,"tfc:rock/cobble/chalk":15,"tfc:rock/raw/chalk":70},"minecraft:used":{"tfc:food/cooked_venison":13,"tfc:plant/butterfly_milkweed":1,"tfc:wood/planks/ash":2,"tfc:rock/cobble/chalk":75,"tfc:dirt/loam":10,"tfc:food/grouse":2,"tfc:stone/axe/sedimentary":10,"tfc:rock/loose/chalk":6,"tfc:stone/javelin/igneous_extrusive":28,"minecraft:stick":1,"tfc:stone/hoe/sedimentary":23,"tfc:stone/shovel/sedimentary":126,"tfc:food/cooked_rainbow_trout":4,"tfc:metal/saw/copper":114,"tfc:stone/shovel/igneous_extrusive":153,"tfc:food/pork":5,"tfc:ore/small_native_copper":1,"tfc:deposit/native_copper/chalk":1,"tfc:stone/axe/igneous_extrusive":56,"tfc:food/venison":1,"tfc:deposit/native_gold/chalk":2,"tfc:food/mutton":4,"tfc:food/cooked_mutton":7,"tfc:food/pheasant":2,"tfc:wood/log/chestnut":4,"tfc:food/horse_meat":5,"tfc:wood/planks/birch":91,"tfc:pan/filled":223,"tfc:plant/sword_fern":1,"minecraft:clay":8,"notreepunching:flint_knife":60,"tfc:wood/log/birch":1,"tfc:dirt/sandy_loam":95,"minecraft:flint":2,"tfc:wood/chest/chestnut":7,"tfc:wood/twig/birch":1,"tfc:food/rabbit":1,"tfc:metal/pickaxe/copper":107,"tfc:rock/gravel/chalk":17,"tfc:ore/small_native_gold":1,"tfc:food/beet":3,"tfc:ceramic/large_vessel":15,"minecraft:bone":2,"tfc:stone/javelin/sedimentary":6,"tfc:food/rainbow_trout":3,"tfc:pan/empty":446,"tfc:food/cooked_horse_meat":6,"tfc:torch":3,"tfc:wood/planks/chestnut":43,"tfc:rock/gravel/rhyolite":2,"tfc:ore/small_malachite":1,"tfc:wood/planks/spruce":29,"firmalife:food/red_grapes":2},"minecraft:custom":{"minecraft:mob_kills":18,"minecraft:interact_with_crafting_table":13,"minecraft:time_since_death":273276,"minecraft:sprint_one_cm":705722,"minecraft:walk_one_cm":595860,"minecraft:drop":204,"minecraft:play_time":287666,"minecraft:deaths":1,"minecraft:sneak_time":17736,"minecraft:walk_under_water_one_cm":137036,"minecraft:jump":4837,"minecraft:walk_on_water_one_cm":230819,"minecraft:total_world_time":287666,"minecraft:time_since_rest":273301,"minecraft:damage_taken":644,"minecraft:damage_dealt":941,"minecraft:swim_one_cm":171866,"minecraft:fly_one_cm":595118,"minecraft:open_chest":81,"minecraft:crouch_one_cm":55419,"minecraft:fall_one_cm":90761,"minecraft:horse_one_cm":681},"minecraft:killed":{"tfc:rainbow_trout":9,"tfc:rat":1,"tfc:pheasant":1,"tfc:horse":1,"minecraft:creeper":1,"tfc:rabbit":1,"tfc:deer":2,"tfc:grouse":1,"tfc:moose":1}},"DataVersion":3465}