{"stats":{"minecraft:picked_up":{"tfc:food/beet":4,"minecraft:stick":21,"tfc:wood/log/birch":13,"tfc:food/horse_meat":14,"tfc:seeds/pumpkin":1,"tfc:small_sheepskin_hide":2,"waterflasks:bladder":1,"firmalife:food/red_grapes":1,"tfc:medium_raw_hide":4,"tfc:food/mutton":17,"dttfc:birch_seed":4,"tfc:rock/loose/rhyolite":20,"tfc:stone/shovel/igneous_extrusive":2,"tfc:stone/hoe/igneous_extrusive":2,"firmalife:rennet":7,"tfc:stone/axe/igneous_extrusive":2,"tfc:food/rabbit":2,"tfc:dirt/sandy_loam":15,"minecraft:bone":38,"tfc:goat_horn":1,"tfc:rock/gravel/rhyolite":2,"tfc:pumpkin":8,"tfc:seeds/garlic":6,"tfc:wood/twig/birch":2},"minecraft:crafted":{"tfc:stone/shovel/igneous_extrusive":1,"tfc:stone/javelin/igneous_extrusive":1,"tfc:stone/axe/igneous_extrusive":2},"minecraft:dropped":{"tfc:small_sheepskin_hide":2,"htm:hammer_head":1,"waterflasks:bladder":1,"tfc:seeds/garlic":4,"tfc:pumpkin":6,"tfc:stone/shovel/igneous_extrusive":1,"tfc:stone/axe/igneous_extrusive":1,"tfc:wood/twig/chestnut":5,"tfc:medium_raw_hide":2,"tfc:wood/twig/birch":6,"tfc:goat_horn":1,"tfc:wood/twig/white_cedar":7,"tfc:stone/javelin/igneous_extrusive":1,"tfc:food/rabbit":1,"tfc:dirt/sandy_loam":1,"firmalife:rennet":7,"tfc:rock/loose/rhyolite":11,"minecraft:bone":17,"dttfc:birch_seed":4,"tfc:stone/hoe/igneous_extrusive":1},"minecraft:mined":{"tfc:dirt/sandy_loam":6,"tfc:grass/sandy_loam":15,"tfc:rock/gravel/rhyolite":3,"tfc:pumpkin":6},"minecraft:used":{"tfc:wood/twig/birch":1,"tfc:food/horse_meat":5,"tfc:food/beet":3,"tfc:stone/axe/igneous_extrusive":45,"tfc:stone/javelin/igneous_extrusive":11,"minecraft:stick":1,"tfc:rock/gravel/rhyolite":2,"tfc:dirt/sandy_loam":14,"tfc:stone/shovel/igneous_extrusive":25},"minecraft:custom":{"minecraft:time_since_rest":27301,"minecraft:sprint_one_cm":125973,"minecraft:damage_taken":364,"minecraft:walk_one_cm":97279,"minecraft:mob_kills":2,"minecraft:drop":31,"minecraft:damage_dealt":376,"minecraft:swim_one_cm":20164,"minecraft:fly_one_cm":123607,"minecraft:crouch_one_cm":6398,"minecraft:play_time":41666,"minecraft:deaths":1,"minecraft:sneak_time":1843,"minecraft:walk_under_water_one_cm":2354,"minecraft:jump":1059,"minecraft:time_since_death":27276,"minecraft:walk_on_water_one_cm":20662,"minecraft:total_world_time":41666,"minecraft:fall_one_cm":22844,"minecraft:horse_one_cm":681},"minecraft:killed":{"tfc:horse":1,"tfc:rabbit":1}},"DataVersion":3465}