{"stats":{"minecraft:picked_up":{"tfc:wood/fallen_leaves/spruce":1,"tfc:pan/filled":1,"tfc:food/tomato":7,"tfc:wood/planks/chestnut":27,"minecraft:clay_ball":204,"htm:flint_sharped":1,"tfc:deposit/native_gold/chalk":2,"tfc:seeds/pumpkin":1,"tfc:ceramic/pickaxe_head_mold":5,"tfc:stone/hoe/sedimentary":1,"tfc:pan/empty":12,"tfc:small_raw_hide":1,"tfc:stone/hoe/igneous_extrusive":2,"firmalife:rennet":9,"tfc:straw":69,"tfc:ceramic/jug":4,"tfc:dirt/sandy_loam":243,"tfc:rock/cobble/chalk":35,"tfc:food/cooked_venison":9,"minecraft:gold_nugget":2,"tfc:ceramic/saw_blade_mold":3,"tfc:food/cooked_horse_meat":6,"tfc:ceramic/large_vessel":42,"tfc:plant/artists_conk":1,"tfc:wood/planks/ash":2,"firmalife:seeds/red_grape":72,"tfc:seeds/garlic":6,"tfc:powder/wood_ash":4,"tfc:metal/pickaxe/copper":2,"tfc:food/venison":38,"dttfc:spruce_seed":1,"notreepunching:flint_shard":7,"minecraft:stick":217,"tfc:food/horse_meat":14,"tfc:metal/saw/copper":2,"tfc:food/fox":1,"tfc:wood/lumber/white_cedar":157,"tfc:wood/planks/chestnut_workbench":1,"dttfc:birch_seed":15,"tfc:food/mutton":20,"tfc:rock/loose/rhyolite":52,"tfc:stone/shovel/sedimentary":4,"tfc:wood/log/white_cedar":9,"tfc:stone/shovel_head/sedimentary":1,"tfc:stone/axe/igneous_extrusive":5,"tfc:wood/log/spruce":14,"tfc:wood/twig/chestnut":2,"tfc:wood/lumber/ash":8,"tfc:rock/gravel/chalk":85,"tfc:goat_horn":1,"tfc:wood/chest/chestnut":6,"tfc:torch":21,"tfc:wood/lumber/birch":8,"tfc:food/beet":4,"minecraft:feather":12,"tfc:food/pheasant":2,"waterflasks:bladder":1,"minecraft:flint":89,"tfc:wood/planks/birch":50,"firmalife:food/red_grapes":17,"tfc:food/cooked_mutton":8,"tfc:ore/small_cassiterite":7,"minecraft:gunpowder":4,"tfc:food/quail":1,"tfc:wood/log/ash":1,"tfc:powder/native_copper":114,"tfc:food/rabbit":3,"tfc:stone/javelin_head/sedimentary":1,"minecraft:bone":56,"tfc:wood/log/chestnut":50,"tfc:rock/loose/chalk":357,"tfc:large_raw_hide":1,"tfc:plant/sword_fern":1,"tfc:large_sheepskin_hide":3,"tfc:food/rainbow_trout":26,"tfc:plant/pulsatilla":6,"htm:plant_string":5,"tfc:wood/log/birch":89,"tfc:wood/planks/chestnut_fence":6,"tfc:food/chevon":5,"tfc:ore/small_native_copper":1,"tfc:deposit/native_copper/chalk":1,"tfc:ceramic/vessel":11,"tfc:dirt/loam":14,"tfc:small_sheepskin_hide":2,"tfc:firestarter":2,"tfc:medium_raw_hide":6,"tfc:stone/shovel/igneous_extrusive":4,"tfc:wood/planks/spruce":32,"notreepunching:flint_knife":3,"minecraft:clay":58,"tfc:stone/javelin/sedimentary":8,"tfc:wood/twig/spruce":6,"tfc:stone/javelin/igneous_extrusive":8,"tfc:rock/gravel/rhyolite":2,"tfc:pumpkin":12,"tfc:plant/butterfly_milkweed":1,"tfc:food/pork":1,"tfc:food/grouse":3,"tfc:wood/twig/birch":2},"minecraft:crafted":{"tfc:stone/axe/sedimentary":1,"tfc:wood/lumber/ash":8,"htm:plant_string":5,"tfc:stone/hoe/sedimentary":1,"tfc:wood/chest/chestnut":3,"tfc:wood/planks/ash":4,"notreepunching:flint_knife":2,"tfc:stone/shovel/sedimentary":3,"tfc:wood/planks/chestnut":63,"tfc:wood/planks/spruce":26,"tfc:wood/lumber/birch":336,"tfc:wood/planks/chestnut_fence":32,"tfc:stone/shovel/igneous_extrusive":2,"tfc:rock/cobble/chalk":60,"tfc:metal/saw_blade/copper":1,"tfc:stone/javelin/igneous_extrusive":1,"tfc:stone/javelin/sedimentary":1,"tfc:metal/pickaxe_head/copper":1,"tfc:metal/pickaxe/copper":1,"tfc:wood/lumber/spruce":112,"tfc:wood/planks/birch":82,"tfc:stone/axe/igneous_extrusive":2,"minecraft:clay":21,"tfc:wood/lumber/chestnut":304,"tfc:metal/saw/copper":1},"minecraft:broken":{"notreepunching:flint_knife":1,"tfc:stone/shovel/igneous_extrusive":1,"tfc:stone/shovel/sedimentary":2,"tfc:stone/axe/sedimentary":1},"minecraft:dropped":{"notreepunching:flint_knife":1,"tfc:wood/planks/birch":1,"minecraft:clay":43,"tfc:wood/log/chestnut":1,"tfc:metal/saw/copper":2,"tfc:seeds/garlic":4,"tfc:pumpkin":6,"tfc:rock/loose/chalk":125,"tfc:stone/javelin_head/sedimentary":1,"tfc:wood/log/birch":33,"tfc:straw":42,"tfc:pan/empty":3,"tfc:wood/twig/chestnut":7,"tfc:medium_raw_hide":2,"tfc:wood/planks/ash":2,"tfc:ceramic/large_vessel":3,"tfc:plant/pulsatilla":6,"tfc:food/rabbit":1,"tfc:wood/planks/chestnut":1,"dttfc:birch_seed":7,"minecraft:stick":71,"minecraft:flint":11,"tfc:small_sheepskin_hide":2,"tfc:wood/lumber/birch":16,"tfc:wood/log/ash":1,"tfc:large_sheepskin_hide":2,"tfc:rock/gravel/chalk":16,"tfc:stone/shovel/igneous_extrusive":2,"tfc:plant/artists_conk":1,"tfc:wood/twig/birch":6,"minecraft:gold_nugget":3,"minecraft:bone":35,"tfc:powder/wood_ash":7,"htm:hammer_head":1,"tfc:stone/shovel/sedimentary":2,"tfc:stone/axe/igneous_extrusive":5,"minecraft:clay_ball":110,"tfc:goat_horn":1,"tfc:wood/twig/white_cedar":7,"tfc:stone/javelin/sedimentary":3,"tfc:stone/javelin/igneous_extrusive":3,"tfc:stone/shovel_head/sedimentary":1,"tfc:powder/native_copper":98,"tfc:dirt/sandy_loam":78,"tfc:rock/loose/rhyolite":22,"tfc:wood/log/white_cedar":9,"firmalife:food/red_grapes":2,"waterflasks:bladder":1,"tfc:ceramic/pickaxe_head_mold":1,"tfc:wood/fallen_leaves/spruce":1,"minecraft:gunpowder":2,"tfc:torch":1,"tfc:food/venison":7,"tfc:ceramic/jug":1,"tfc:dirt/loam":1,"firmalife:seeds/red_grape":18,"tfc:pan/filled":1,"tfc:wood/chest/chestnut":1,"tfc:food/mutton":6,"dttfc:spruce_seed":1,"tfc:ore/small_cassiterite":5,"notreepunching:flint_shard":3,"firmalife:rennet":9,"tfc:ore/small_malachite":1,"tfc:food/cooked_mutton":2,"tfc:ceramic/vessel":4,"tfc:stone/hoe/igneous_extrusive":1},"minecraft:mined":{"tfc:deposit/native_gold/chalk":2,"tfc:wood/planks/spruce":32,"tfc:plant/houstonia":1,"tfc:rock/loose/chalk":4,"tfc:wood/planks/chestnut_fence":6,"tfc:dirt/sandy_loam":77,"tfc:dirt/loam":2,"tfc:rooted_dirt/sandy_loam":1,"tfc:grass/sandy_loam":77,"tfc:sand/brown":3,"tfc:wood/chest/chestnut":2,"tfc:plant/lilac":1,"tfc:plant/artists_conk":1,"tfc:plant/bluegrass":6,"dttfc:spruce_leaves":1,"tfc:wood/log/chestnut":4,"tfc:pumpkin":7,"tfc:clay_grass/sandy_loam":10,"tfc:wood/log/birch":2,"tfc:wood/leaves/ash":3,"tfc:rock/gravel/rhyolite":3,"minecraft:clay":2,"tfc:raw_sandstone/red":3,"firmalife:plant/wild_red_grapes":8,"tfc:wood/planks/ash":2,"tfc:wood/leaves/chestnut":2,"tfc:sand/red":1,"tfc:plant/ryegrass":3,"tfc:rock/gravel/chalk":68,"tfc:grass/loam":11,"tfc:plant/sword_fern":1,"tfc:wood/planks/chestnut":22,"tfc:placed_item":77,"tfc:clay/sandy_loam":38,"tfc:plant/heather":1,"tfc:log_pile":1,"tfc:wood/planks/chestnut_workbench":1,"tfc:wood/twig/spruce":6,"tfc:ceramic/large_vessel":33,"tfc:wood/twig/chestnut":1,"tfc:raw_sandstone/brown":1,"tfc:deposit/native_copper/chalk":1,"tfc:wood/planks/birch":45,"tfc:rock/cobble/chalk":16,"tfc:rock/raw/chalk":76},"minecraft:used":{"tfc:food/cooked_venison":15,"tfc:plant/butterfly_milkweed":1,"tfc:wood/planks/ash":2,"tfc:wood/planks/chestnut_fence":33,"tfc:rock/cobble/chalk":92,"tfc:dirt/loam":13,"tfc:food/grouse":2,"tfc:stone/axe/sedimentary":10,"tfc:food/fox":1,"tfc:rock/loose/chalk":6,"tfc:food/chevon":2,"tfc:stone/javelin/igneous_extrusive":56,"minecraft:stick":1,"tfc:food/tomato":7,"tfc:stone/hoe/sedimentary":23,"tfc:stone/shovel/sedimentary":169,"tfc:food/cooked_rainbow_trout":4,"tfc:metal/saw/copper":139,"tfc:stone/shovel/igneous_extrusive":153,"tfc:wood/planks/chestnut_workbench":1,"tfc:food/pork":5,"tfc:ore/small_native_copper":1,"tfc:deposit/native_copper/chalk":1,"tfc:stone/axe/igneous_extrusive":56,"tfc:deposit/native_gold/chalk":2,"tfc:food/venison":7,"tfc:food/mutton":4,"tfc:food/cooked_mutton":7,"tfc:food/pheasant":2,"tfc:wood/log/chestnut":4,"tfc:food/horse_meat":5,"tfc:wood/planks/birch":107,"tfc:pan/filled":223,"tfc:plant/sword_fern":1,"minecraft:clay":8,"notreepunching:flint_knife":60,"tfc:wood/log/birch":1,"tfc:dirt/sandy_loam":136,"minecraft:flint":2,"tfc:wood/twig/birch":1,"tfc:wood/chest/chestnut":8,"tfc:food/rabbit":2,"tfc:metal/pickaxe/copper":144,"tfc:ore/small_native_gold":1,"tfc:rock/gravel/chalk":20,"tfc:food/beet":10,"tfc:ceramic/large_vessel":36,"minecraft:bone":2,"tfc:food/rainbow_trout":22,"tfc:stone/javelin/sedimentary":41,"tfc:pan/empty":446,"tfc:food/cooked_horse_meat":6,"tfc:food/quail":1,"tfc:rock/gravel/rhyolite":2,"tfc:wood/planks/chestnut":58,"tfc:torch":3,"tfc:wood/planks/spruce":32,"tfc:ore/small_malachite":1,"firmalife:food/red_grapes":4,"firmalife:food/white_grapes":1},"minecraft:custom":{"minecraft:mob_kills":45,"minecraft:interact_with_crafting_table":28,"minecraft:leave_game":2,"minecraft:time_since_death":2218,"minecraft:sprint_one_cm":1188377,"minecraft:walk_one_cm":886557,"minecraft:drop":233,"minecraft:play_time":425336,"minecraft:deaths":2,"minecraft:sneak_time":22610,"minecraft:walk_under_water_one_cm":166169,"minecraft:jump":7982,"minecraft:walk_on_water_one_cm":269072,"minecraft:total_world_time":425336,"minecraft:time_since_rest":2270,"minecraft:damage_taken":1053,"minecraft:damage_dealt":1555,"minecraft:swim_one_cm":242023,"minecraft:fly_one_cm":1096866,"minecraft:player_kills":2,"minecraft:open_chest":228,"minecraft:crouch_one_cm":69136,"minecraft:fall_one_cm":160760,"minecraft:horse_one_cm":681},"minecraft:killed":{"tfc:rainbow_trout":32,"tfc:rat":1,"tfc:quail":1,"tfc:duck":1,"tfc:pheasant":1,"tfc:horse":1,"minecraft:creeper":1,"tfc:rabbit":1,"tfc:deer":2,"tfc:grouse":1,"tfc:fox":1,"tfc:goat":1,"tfc:moose":1}},"DataVersion":3465}