{"stats":{"minecraft:picked_up":{"tfc:food/beet":4,"minecraft:stick":21,"tfc:wood/log/birch":13,"tfc:food/horse_meat":7,"tfc:seeds/pumpkin":1,"tfc:small_sheepskin_hide":2,"waterflasks:bladder":1,"tfc:medium_raw_hide":4,"dttfc:birch_seed":4,"firmalife:rennet":7,"tfc:food/rabbit":2,"tfc:dirt/sandy_loam":9,"minecraft:bone":38,"tfc:goat_horn":1,"tfc:pumpkin":8,"tfc:seeds/garlic":4,"tfc:wood/twig/birch":2},"minecraft:crafted":{"tfc:stone/shovel/igneous_extrusive":1,"tfc:stone/javelin/igneous_extrusive":1,"tfc:stone/axe/igneous_extrusive":2},"minecraft:dropped":{"tfc:small_sheepskin_hide":2,"htm:hammer_head":1,"waterflasks:bladder":1,"tfc:seeds/garlic":2,"tfc:pumpkin":6,"tfc:wood/twig/chestnut":5,"tfc:medium_raw_hide":2,"tfc:wood/twig/birch":6,"tfc:goat_horn":1,"tfc:wood/twig/white_cedar":7,"tfc:stone/javelin/igneous_extrusive":1,"tfc:food/rabbit":1,"tfc:dirt/sandy_loam":1,"firmalife:rennet":7,"tfc:rock/loose/rhyolite":1,"minecraft:bone":17,"dttfc:birch_seed":4},"minecraft:mined":{"tfc:dirt/sandy_loam":5,"tfc:grass/sandy_loam":8,"tfc:rock/gravel/rhyolite":1,"tfc:pumpkin":6},"minecraft:used":{"tfc:wood/twig/birch":1,"tfc:food/horse_meat":2,"tfc:food/beet":3,"tfc:stone/axe/igneous_extrusive":20,"tfc:stone/javelin/igneous_extrusive":10,"minecraft:stick":1,"tfc:dirt/sandy_loam":8,"tfc:stone/shovel/igneous_extrusive":13},"minecraft:custom":{"minecraft:time_since_rest":15301,"minecraft:sprint_one_cm":98695,"minecraft:damage_taken":286,"minecraft:walk_one_cm":75014,"minecraft:mob_kills":2,"minecraft:drop":26,"minecraft:damage_dealt":376,"minecraft:swim_one_cm":3338,"minecraft:fly_one_cm":107733,"minecraft:crouch_one_cm":2094,"minecraft:play_time":29666,"minecraft:deaths":1,"minecraft:sneak_time":627,"minecraft:walk_under_water_one_cm":305,"minecraft:jump":815,"minecraft:time_since_death":15276,"minecraft:walk_on_water_one_cm":2386,"minecraft:total_world_time":29666,"minecraft:fall_one_cm":18484,"minecraft:horse_one_cm":681},"minecraft:killed":{"tfc:horse":1,"tfc:rabbit":1}},"DataVersion":3465}