{"stats":{"minecraft:picked_up":{"minecraft:stick":21,"tfc:wood/log/birch":13,"minecraft:bone":4,"tfc:goat_horn":1,"tfc:medium_raw_hide":1,"dttfc:birch_seed":4,"firmalife:rennet":2},"minecraft:crafted":{"tfc:stone/axe/igneous_extrusive":1},"minecraft:dropped":{"tfc:wood/twig/birch":4,"tfc:goat_horn":1,"tfc:wood/twig/white_cedar":6,"tfc:rock/loose/rhyolite":1,"tfc:wood/twig/chestnut":4},"minecraft:used":{"tfc:wood/twig/birch":1,"minecraft:stick":1,"tfc:stone/axe/igneous_extrusive":1},"minecraft:custom":{"minecraft:time_since_rest":5666,"minecraft:play_time":5666,"minecraft:crouch_one_cm":78,"minecraft:sprint_one_cm":23011,"minecraft:walk_one_cm":20272,"minecraft:sneak_time":25,"minecraft:drop":5,"minecraft:jump":114,"minecraft:time_since_death":5666,"minecraft:total_world_time":5666,"minecraft:fly_one_cm":14697,"minecraft:fall_one_cm":1790}},"DataVersion":3465}