{"stats":{"minecraft:picked_up":{"tfc:food/beet":4,"minecraft:stick":21,"tfc:wood/log/birch":13,"tfc:dirt/sandy_loam":1,"minecraft:bone":4,"tfc:goat_horn":1,"tfc:pumpkin":3,"tfc:medium_raw_hide":1,"dttfc:birch_seed":4,"tfc:wood/twig/birch":1,"firmalife:rennet":4},"minecraft:crafted":{"tfc:stone/axe/igneous_extrusive":1},"minecraft:dropped":{"tfc:wood/twig/birch":4,"tfc:goat_horn":1,"tfc:wood/twig/white_cedar":7,"tfc:pumpkin":1,"tfc:dirt/sandy_loam":1,"firmalife:rennet":4,"tfc:rock/loose/rhyolite":1,"dttfc:birch_seed":4,"tfc:wood/twig/chestnut":5},"minecraft:mined":{"tfc:dirt/sandy_loam":1,"tfc:pumpkin":1},"minecraft:used":{"tfc:wood/twig/birch":1,"minecraft:stick":1,"tfc:food/beet":3,"tfc:stone/axe/igneous_extrusive":4},"minecraft:custom":{"minecraft:time_since_rest":3301,"minecraft:deaths":1,"minecraft:play_time":17666,"minecraft:crouch_one_cm":1536,"minecraft:sprint_one_cm":59957,"minecraft:damage_taken":249,"minecraft:walk_one_cm":49069,"minecraft:sneak_time":420,"minecraft:walk_under_water_one_cm":305,"minecraft:drop":12,"minecraft:jump":457,"minecraft:damage_dealt":86,"minecraft:walk_on_water_one_cm":2386,"minecraft:time_since_death":3276,"minecraft:total_world_time":17666,"minecraft:swim_one_cm":3338,"minecraft:fly_one_cm":55155,"minecraft:fall_one_cm":10844}},"DataVersion":3465}