{"stats":{"minecraft:picked_up":{"tfc:food/beet":4,"minecraft:clay_ball":177,"tfc:deposit/native_gold/chalk":2,"tfc:seeds/pumpkin":1,"waterflasks:bladder":1,"firmalife:food/red_grapes":1,"tfc:stone/hoe/igneous_extrusive":2,"firmalife:rennet":7,"tfc:food/rabbit":2,"tfc:dirt/sandy_loam":16,"minecraft:bone":42,"tfc:seeds/garlic":6,"minecraft:stick":31,"tfc:wood/log/birch":13,"tfc:food/horse_meat":14,"tfc:small_sheepskin_hide":2,"tfc:medium_raw_hide":4,"dttfc:birch_seed":4,"tfc:food/mutton":18,"tfc:rock/loose/rhyolite":20,"tfc:stone/shovel/igneous_extrusive":2,"tfc:stone/axe/igneous_extrusive":2,"minecraft:clay":40,"tfc:stone/javelin/igneous_extrusive":1,"tfc:goat_horn":1,"tfc:rock/gravel/rhyolite":2,"tfc:pumpkin":8,"tfc:wood/twig/birch":2},"minecraft:crafted":{"tfc:stone/shovel/igneous_extrusive":1,"tfc:stone/javelin/igneous_extrusive":1,"tfc:stone/axe/igneous_extrusive":2,"minecraft:clay":21},"minecraft:broken":{"tfc:stone/shovel/igneous_extrusive":1},"minecraft:dropped":{"minecraft:clay":40,"htm:hammer_head":1,"tfc:seeds/garlic":4,"tfc:pumpkin":6,"tfc:stone/axe/igneous_extrusive":1,"tfc:wood/twig/chestnut":5,"tfc:medium_raw_hide":2,"minecraft:clay_ball":93,"tfc:goat_horn":1,"tfc:wood/twig/white_cedar":7,"tfc:stone/javelin/igneous_extrusive":2,"tfc:food/rabbit":1,"tfc:dirt/sandy_loam":1,"tfc:rock/loose/rhyolite":11,"dttfc:birch_seed":4,"tfc:small_sheepskin_hide":2,"waterflasks:bladder":1,"tfc:stone/shovel/igneous_extrusive":1,"tfc:wood/twig/birch":6,"tfc:food/mutton":1,"firmalife:rennet":7,"minecraft:bone":17,"tfc:stone/hoe/igneous_extrusive":1},"minecraft:mined":{"tfc:deposit/native_gold/chalk":2,"tfc:dirt/sandy_loam":6,"tfc:rooted_dirt/sandy_loam":1,"tfc:grass/sandy_loam":15,"tfc:rock/gravel/rhyolite":3,"tfc:clay/sandy_loam":36,"tfc:pumpkin":6,"tfc:clay_grass/sandy_loam":8},"minecraft:used":{"tfc:food/horse_meat":5,"minecraft:clay":2,"tfc:stone/javelin/igneous_extrusive":11,"minecraft:stick":1,"tfc:dirt/sandy_loam":15,"tfc:stone/shovel/igneous_extrusive":74,"tfc:wood/twig/birch":1,"tfc:food/rabbit":1,"tfc:food/beet":3,"minecraft:bone":2,"tfc:stone/axe/igneous_extrusive":45,"tfc:deposit/native_gold/chalk":2,"tfc:rock/gravel/rhyolite":2},"minecraft:custom":{"minecraft:mob_kills":2,"minecraft:time_since_death":39276,"minecraft:time_since_rest":39301,"minecraft:sprint_one_cm":174988,"minecraft:damage_taken":377,"minecraft:walk_one_cm":125169,"minecraft:drop":39,"minecraft:damage_dealt":376,"minecraft:swim_one_cm":22473,"minecraft:fly_one_cm":151336,"minecraft:crouch_one_cm":10369,"minecraft:play_time":53666,"minecraft:deaths":1,"minecraft:sneak_time":3025,"minecraft:walk_under_water_one_cm":3396,"minecraft:jump":1304,"minecraft:walk_on_water_one_cm":22288,"minecraft:total_world_time":53666,"minecraft:fall_one_cm":27649,"minecraft:horse_one_cm":681},"minecraft:killed":{"tfc:horse":1,"tfc:rabbit":1}},"DataVersion":3465}