{"stats":{"minecraft:picked_up":{"tfc:wood/log/birch":15,"tfc:wood/log/chestnut":8,"tfc:wood/fallen_leaves/birch":2,"tfc:wood/stripped_log/birch":1,"tfc:wood/twig/white_cedar":7,"tfc:rock/loose/rhyolite":6,"tfc:wood/twig/birch":7},"minecraft:crafted":{"tfc:rock/cobble/rhyolite":3,"tfc:stone/javelin/igneous_extrusive":1,"tfc:stone/axe/igneous_extrusive":1,"tfc:stone/knife/igneous_extrusive":1},"minecraft:dropped":{"tfc:wood/twig/birch":13,"tfc:wood/log/chestnut":8,"tfc:wood/twig/white_cedar":13,"tfc:wood/fallen_leaves/birch":2,"tfc:stone/knife_head/igneous_extrusive":1,"tfc:wood/log/birch":7,"tfc:rock/loose/rhyolite":6,"tfc:wood/twig/ash":2,"tfc:wood/twig/chestnut":8,"minecraft:stick":9},"minecraft:mined":{"tfc:wood/stripped_log/birch":1},"minecraft:used":{"tfc:wood/twig/birch":1,"tfc:wood/log/birch":2,"tfc:wood/fallen_leaves/white_cedar":2,"tfc:rock/cobble/rhyolite":3,"tfc:stone/axe/igneous_extrusive":3,"tfc:rock/loose/rhyolite":1},"minecraft:custom":{"minecraft:time_since_rest":16357,"minecraft:crouch_one_cm":78,"minecraft:play_time":16357,"minecraft:sprint_one_cm":10997,"minecraft:walk_one_cm":25608,"minecraft:sneak_time":76,"minecraft:drop":17,"minecraft:jump":57,"minecraft:time_since_death":16357,"minecraft:total_world_time":16357,"minecraft:climb_one_cm":121,"minecraft:fly_one_cm":4369}},"DataVersion":3465}