{"stats":{"minecraft:picked_up":{"tfc:wood/log/birch":15,"minecraft:flint":1,"tfc:rock/loose/rhyolite":6,"tfc:straw":8,"tfc:dirt/sandy_loam":3,"tfc:wood/log/chestnut":8,"tfc:wood/fallen_leaves/birch":2,"tfc:wood/stripped_log/birch":1,"tfc:wood/twig/white_cedar":13,"tfc:wood/twig/birch":8},"minecraft:crafted":{"tfc:rock/cobble/rhyolite":3,"tfcambiental:straw_hat":1,"tfc:stone/knife/igneous_extrusive":1,"tfc:stone/shovel/igneous_extrusive":1,"tfc:stone/javelin/igneous_extrusive":1,"tfc:stone/axe/igneous_extrusive":1,"tfc:stone/hammer/igneous_extrusive":1},"minecraft:dropped":{"tfc:wood/stripped_log/birch":1,"tfc:wood/log/chestnut":8,"tfc:stone/knife_head/igneous_extrusive":1,"tfc:wood/log/birch":7,"tfc:straw":6,"tfc:wood/twig/chestnut":8,"tfc:wood/twig/birch":13,"tfc:wood/twig/white_cedar":18,"tfc:wood/fallen_leaves/birch":3,"tfc:rock/loose/rhyolite":6,"tfc:wood/twig/ash":2,"minecraft:stick":9,"minecraft:flint":1},"minecraft:mined":{"tfc:dirt/sandy_loam":2,"tfc:plant/orchard_grass":3,"tfc:grass/sandy_loam":1,"tfc:rock/gravel/rhyolite":9,"tfc:plant/bluegrass":6,"tfc:wood/stripped_log/birch":1},"minecraft:used":{"tfc:wood/twig/birch":2,"tfc:wood/fallen_leaves/white_cedar":2,"tfc:stone/knife/igneous_extrusive":9,"tfc:stone/axe/igneous_extrusive":3,"tfc:stone/javelin/igneous_extrusive":2,"tfc:wood/log/birch":2,"tfc:dirt/sandy_loam":1,"tfc:stone/shovel/igneous_extrusive":12,"tfc:rock/cobble/rhyolite":3,"tfc:rock/loose/rhyolite":1},"minecraft:custom":{"minecraft:time_since_rest":27566,"minecraft:sprint_one_cm":23400,"minecraft:damage_taken":24,"minecraft:walk_one_cm":35804,"minecraft:drop":22,"minecraft:fly_one_cm":14309,"minecraft:crouch_one_cm":383,"minecraft:play_time":27566,"minecraft:sneak_time":108,"minecraft:jump":121,"minecraft:leave_game":1,"minecraft:time_since_death":27566,"minecraft:climb_one_cm":121,"minecraft:total_world_time":27566,"minecraft:fall_one_cm":880}},"DataVersion":3465}