{"stats":{"minecraft:picked_up":{"tfc:small_raw_hide":3,"firmalife:rennet":3,"minecraft:bone":11,"tfc:food/beef":42,"tfc:large_raw_hide":1,"magistuarmory:messer_sword":1},"minecraft:crafted":{"minecraft:firework_star":12,"supplementaries:rope_arrow":12,"supplementaries:rope":48,"minecraft:air":0,"minecraft:tnt":8},"minecraft:dropped":{"tfc:spawn_egg/wildebeest":64,"minecraft:skeleton_spawn_egg":1,"tfc:food/beef":32,"tfc:grass/loam":1,"tfc:plant/maiden_pink":1,"magistuarmory:messer_sword":1,"tfc:small_raw_hide":3,"tfc:food/oat_bread_jam_sandwich":32,"minecraft:bone":7},"minecraft:used":{"tfc:food/wheat_bread":4,"tfc:food/banana":1,"afc:wood/chest/ironwood":1,"tfc:wood/planks/douglas_fir":3,"tfc:gem_saw":3,"minecraft:netherite_sword":4,"supplementaries:candle_holder_red":2,"minecraft:writable_book":1,"supplementaries:turn_table":1,"minecraft:armor_stand":1,"tfc:wood/stripped_wood/douglas_fir":2,"supplementaries:netherite_door":1,"supplementaries:crank":1,"supplementaries:crystal_display":1,"tfc:food/onion":1,"tfc:sand/yellow":1,"tfc:food/green_apple":4,"tfc:rock/hardened/quartzite":2,"tfc:food/oat_bread_jam_sandwich":1,"supplementaries:timber_frame":2,"supplementaries:hat_stand":2,"tfc:plant/arundo":5,"tfc:rock/raw/gneiss":11,"farmersrespite:kettle":1,"supplementaries:globe":1,"tfc:spawn_egg/alpaca":1,"afc:wood/scribing_table/tualang":1,"tfc:rock/spike/gneiss":2,"supplementaries:faucet":1,"animaltrap:chicken_carcass":1,"tfcastikorcarts:animal_cart/blackwood":1,"supplementaries:netherite_trapdoor":1,"tfcastikorcarts:postilion/aspen":9,"supplementaries:raked_gravel":1,"farmersrespite:long_rose_hip_tea":1,"tfc:wood/log/douglas_fir":1,"magistuarmory:armet":1,"afc:wood/sewing_table/baobab":1,"magistuarmory:messer_sword":16,"supplementaries:bellows":1,"supplementaries:cage":1,"firmaciv:watercraft_frame_angled":5,"supplementaries:globe_sepia":1,"minecraft:feather":6,"supplementaries:timber_brace":17,"supplementaries:clock_block":7,"tfc:wood/stripped_log/douglas_fir":1,"tfc:food/crappie":5,"supplementaries:red_merchant_spawn_egg":1,"alekiships:watercraft_frame_angled":21,"tfc:rock/mossy_loose/chert":2,"afc:wood/lectern/ironwood":1,"firmaciv:wood/douglas_fir_roofing":3,"mcw_tfc_aio:fences/other_fences/hedge":1,"tfc:food/maize":1,"alekiships:watercraft_frame_flat":26,"minecraft:potion":1,"mcwfences:railing_blackstone_wall":8,"farmersrespite:coffee_cake":1,"tfc:metal/fishing_rod/red_steel":6,"supplementaries:timber_cross_brace":2,"afc:wood/planks/ironwood_loom":1,"farmersrespite:nether_wart_sourdough":1,"supplementaries:bamboo_spikes_tipped":2,"tfc:spawn_egg/wildebeest":3,"tfc:grass/loam":1,"supplementaries:statue":1,"tfc:grass/silty_loam":2,"tfc:drying_bricks/silt":4},"minecraft:custom":{"minecraft:mob_kills":8,"minecraft:traded_with_villager":44,"minecraft:eat_cake_slice":14,"minecraft:leave_game":1,"minecraft:time_since_death":7989,"minecraft:time_since_rest":8018,"minecraft:sprint_one_cm":16923,"minecraft:walk_one_cm":55912,"minecraft:drop":9,"minecraft:damage_dealt":1315,"minecraft:talked_to_villager":5,"minecraft:swim_one_cm":611,"minecraft:fly_one_cm":483025,"minecraft:open_chest":1,"minecraft:crouch_one_cm":2618,"minecraft:play_time":118484,"minecraft:deaths":1,"minecraft:sneak_time":2046,"minecraft:walk_under_water_one_cm":22513,"minecraft:jump":226,"minecraft:walk_on_water_one_cm":4765,"minecraft:total_world_time":118484,"minecraft:fall_one_cm":629},"minecraft:killed":{"supplementaries:red_merchant":1,"minecraft:spider":1,"tfc:wildebeest":3,"tfc:cow":1,"tfc:crappie":1}},"DataVersion":3465}