{"stats":{"minecraft:picked_up":{"firmalife:rennet":3,"minecraft:bone":4,"tfc:food/beef":10,"tfc:large_raw_hide":1},"minecraft:dropped":{"tfc:grass/loam":1,"tfc:plant/maiden_pink":1,"tfc:food/oat_bread_jam_sandwich":32},"minecraft:used":{"tfc:food/wheat_bread":4,"tfc:food/banana":1,"afc:wood/chest/ironwood":1,"tfc:wood/planks/douglas_fir":3,"supplementaries:candle_holder_red":2,"minecraft:netherite_sword":1,"minecraft:writable_book":1,"supplementaries:cage":1,"supplementaries:bellows":1,"firmaciv:watercraft_frame_angled":5,"supplementaries:turn_table":1,"supplementaries:globe_sepia":1,"minecraft:armor_stand":1,"supplementaries:netherite_door":1,"supplementaries:timber_brace":17,"minecraft:feather":6,"tfc:wood/stripped_wood/douglas_fir":2,"supplementaries:crank":1,"supplementaries:clock_block":7,"supplementaries:crystal_display":1,"tfc:food/onion":1,"tfc:sand/yellow":1,"tfc:wood/stripped_log/douglas_fir":1,"tfc:food/crappie":5,"tfc:food/green_apple":4,"tfc:rock/hardened/quartzite":2,"tfc:rock/mossy_loose/chert":2,"alekiships:watercraft_frame_angled":21,"tfc:food/oat_bread_jam_sandwich":1,"supplementaries:hat_stand":2,"afc:wood/lectern/ironwood":1,"supplementaries:timber_frame":2,"mcw_tfc_aio:fences/other_fences/hedge":1,"firmaciv:wood/douglas_fir_roofing":3,"tfc:rock/raw/gneiss":11,"tfc:plant/arundo":5,"farmersrespite:kettle":1,"supplementaries:globe":1,"tfc:rock/spike/gneiss":2,"minecraft:potion":1,"afc:wood/scribing_table/tualang":1,"tfc:food/maize":1,"alekiships:watercraft_frame_flat":26,"mcwfences:railing_blackstone_wall":8,"animaltrap:chicken_carcass":1,"supplementaries:faucet":1,"farmersrespite:coffee_cake":1,"supplementaries:timber_cross_brace":2,"tfc:metal/fishing_rod/red_steel":6,"afc:wood/planks/ironwood_loom":1,"farmersrespite:nether_wart_sourdough":1,"supplementaries:bamboo_spikes_tipped":2,"supplementaries:netherite_trapdoor":1,"supplementaries:raked_gravel":1,"tfcastikorcarts:postilion/aspen":9,"tfcastikorcarts:animal_cart/blackwood":1,"supplementaries:statue":1,"tfc:grass/loam":1,"tfc:grass/silty_loam":2,"farmersrespite:long_rose_hip_tea":1,"tfc:wood/log/douglas_fir":1,"magistuarmory:armet":1,"afc:wood/sewing_table/baobab":1,"tfc:drying_bricks/silt":4},"minecraft:custom":{"minecraft:time_since_rest":-17215516,"minecraft:sprint_one_cm":15117,"minecraft:walk_one_cm":47475,"minecraft:mob_kills":1,"minecraft:drop":3,"minecraft:damage_dealt":225,"minecraft:swim_one_cm":611,"minecraft:fly_one_cm":224939,"minecraft:open_chest":1,"minecraft:crouch_one_cm":1748,"minecraft:play_time":88484,"minecraft:sneak_time":1387,"minecraft:walk_under_water_one_cm":15253,"minecraft:eat_cake_slice":14,"minecraft:jump":162,"minecraft:leave_game":1,"minecraft:time_since_death":88484,"minecraft:walk_on_water_one_cm":802,"minecraft:total_world_time":88484,"minecraft:fall_one_cm":209},"minecraft:killed":{"tfc:cow":1}},"DataVersion":3465}