{"stats":{"minecraft:used":{"afc:wood/lectern/ironwood":1,"afc:wood/chest/ironwood":1,"supplementaries:bellows":1,"alekiships:watercraft_frame_flat":15,"supplementaries:turn_table":1,"supplementaries:faucet":1,"afc:wood/planks/ironwood_loom":1,"supplementaries:netherite_trapdoor":1,"supplementaries:crank":1,"tfcastikorcarts:postilion/aspen":9,"supplementaries:crystal_display":1,"tfcastikorcarts:animal_cart/blackwood":1,"tfc:drying_bricks/silt":4},"minecraft:custom":{"minecraft:open_chest":1,"minecraft:time_since_rest":16593,"minecraft:crouch_one_cm":261,"minecraft:play_time":16593,"minecraft:sprint_one_cm":5333,"minecraft:walk_one_cm":7553,"minecraft:sneak_time":215,"minecraft:walk_under_water_one_cm":3946,"minecraft:jump":43,"minecraft:time_since_death":16593,"minecraft:walk_on_water_one_cm":394,"minecraft:total_world_time":16593,"minecraft:fly_one_cm":99406}},"DataVersion":3465}