{"stats":{"minecraft:dropped":{"tfc:powder/wood_ash":2,"tfc:stone/javelin_head/sedimentary":2,"tfc:grass/silty_loam":1,"tfc:ceramic/unfired_vessel":3,"tfc:straw":300,"dttfc:aspen_seed":3,"tfc:wood/twig/chestnut":1,"minecraft:feather":38,"tfc:wood/log/aspen":8,"minecraft:clay_ball":154,"tfc:stone/axe_head/sedimentary":1,"tfc:groundcover/driftwood":1,"tfc:ceramic/unfired_jug":1,"tfc:stone/shovel_head/sedimentary":2,"tfc:dirt/silty_loam":13,"tfc:food/cooked_rainbow_trout":2,"tfc:rock/loose/claystone":8,"afc:wood/fallen_leaves/bigleaf_maple":2,"dttfc:aspen_branch":1,"minecraft:stick":24,"firmalife:food/red_grapes":2,"tfc:plant/morning_glory":16,"tfc:plant/moss":2,"tfc:rock/gravel/claystone":3,"tfc:wood/twig/maple":1,"tfc:ceramic/unfired_saw_blade_mold":1,"tfc:dirt/silt":1,"tfc:wood/twig/aspen":1,"tfc:ceramic/unfired_pickaxe_head_mold":1,"notreepunching:ceramic_small_vessel":1,"firmalife:seeds/red_grape":3,"tfc:rock/mossy_loose/claystone":9,"firmaciv:nav_clock":1,"tfc:stone/hoe_head/sedimentary":3,"tfc:ceramic/vessel":3,"tfc:firestarter":1},"minecraft:used":{"magistuarmory:rusted_heavymace":7,"afc:wood/water_wheel/mahogany":1,"afc:wood/water_wheel/baobab":1,"tfc:stone/axe/sedimentary":13,"minecraft:clay":6,"dttfc:aspen_branch":6,"tfc:stone/hoe/sedimentary":83,"tfc:stone/shovel/sedimentary":161,"butcher:cowcorpseitem":1,"tfc:food/cooked_lake_trout":2,"tfc:food/cooked_rainbow_trout":2,"magistuarmory:noble_sword":2,"tfc:wood/log/douglas_fir":1,"tfc:dirt/silty_loam":21,"butcher:emptyskinrack":3,"tfc:dirt/silt":1,"firmaciv:kayak":1,"tfc:rock/gravel/claystone":7,"untamedwilds:monitor_spawn_egg":1,"untamedwilds:large_snake_spawn_egg":1,"tfc:stone/javelin/sedimentary":2,"tfc:wood/log/aspen":1,"supplementaries:red_merchant_spawn_egg":1,"tfc:food/quail":2,"butcher:skinned_cow_corpse_item":1,"tfc:firestarter":11,"notreepunching:clay_tool":39,"tfc:grass/silty_loam":2,"firmalife:food/red_grapes":3,"afc:wood/fallen_leaves/bigleaf_maple":1},"minecraft:mined":{"tfc:grass/silt":2,"tfc:rock/gravel/claystone":11,"tfc:plant/tall_fescue_grass":9,"firmalife:plant/wild_red_grapes":3,"tfc:grass/silty_loam":16,"tfc:dirt/silty_loam":23,"tfc:plant/scutch_grass":2,"tfc:placed_item":9,"tfc:plant/morning_glory":22,"tfc:clay/silty_loam":59,"tfc:plant/moss":2,"minecraft:fire":5,"tfc:plant/timothy_grass":23,"afc:wood/fallen_leaves/bigleaf_maple":1,"tfc:plant/switchgrass":21,"tfc:clay_grass/silty_loam":39},"minecraft:custom":{"minecraft:mob_kills":10,"minecraft:leave_game":2,"minecraft:time_since_death":506,"minecraft:time_since_rest":543,"minecraft:sprint_one_cm":119032,"minecraft:damage_taken":393,"minecraft:walk_one_cm":136352,"minecraft:drop":124,"minecraft:damage_dealt":882,"minecraft:swim_one_cm":34869,"minecraft:talked_to_villager":3,"minecraft:fly_one_cm":784617,"minecraft:crouch_one_cm":3824,"minecraft:play_time":232801,"minecraft:deaths":4,"minecraft:sneak_time":2176,"minecraft:walk_under_water_one_cm":66220,"minecraft:jump":793,"minecraft:walk_on_water_one_cm":9717,"minecraft:total_world_time":232801,"minecraft:fall_one_cm":21711},"minecraft:picked_up":{"tfc:plant/morning_glory":17,"tfc:ceramic/unfired_pickaxe_head_mold":1,"minecraft:feather":38,"notreepunching:ceramic_small_vessel":1,"minecraft:clay_ball":333,"afc:wood/water_wheel/baobab":1,"minecraft:leather":1,"tfc:wood/twig/aspen":4,"tfc:ceramic/unfired_vessel":3,"tfc:dirt/silt":2,"firmalife:food/red_grapes":5,"tfc:wood/twig/maple":1,"tfc:food/lake_trout":2,"tfc:rock/loose/claystone":2,"tfc:food/quail":2,"tfc:straw":316,"tfc:food/cooked_rainbow_trout":2,"tfc:stone/javelin_head/sedimentary":2,"minecraft:bone":2,"tfc:stone/hoe_head/sedimentary":3,"tfc:rock/gravel/claystone":10,"tfc:stone/axe_head/sedimentary":1,"tfc:dirt/silty_loam":34,"tfc:rock/mossy_loose/claystone":1,"firmalife:seeds/red_grape":3,"tfc:powder/wood_ash":1,"tfc:food/rainbow_trout":2,"firmaciv:kayak":1,"minecraft:stick":17,"afc:wood/fallen_leaves/bigleaf_maple":2,"tfc:ceramic/vessel":3,"tfc:firestarter":1,"tfc:wood/log/aspen":39,"tfc:stone/shovel_head/sedimentary":2,"tfc:plant/moss":2,"firmaciv:nav_clock":1,"tfc:wood/twig/chestnut":1,"tfc:wood/twig/spruce":1,"dttfc:aspen_seed":3,"tfc:food/cooked_lake_trout":2,"tfc:ceramic/unfired_saw_blade_mold":1,"tfc:ceramic/unfired_jug":1},"minecraft:killed":{"supplementaries:red_merchant":1,"untamedwilds:monitor":1,"tfc:rainbow_trout":3,"tfc:lake_trout":2,"tfc:quail":2},"minecraft:crafted":{"tfc:stone/axe/sedimentary":2,"tfc:stone/shovel/sedimentary":4,"tfc:stone/hoe/sedimentary":2,"minecraft:stick":8,"tfc:firestarter":1,"tfc:stone/javelin/sedimentary":1,"minecraft:clay":4},"minecraft:broken":{"tfc:stone/axe/sedimentary":1,"tfc:stone/hoe/sedimentary":1,"tfc:stone/shovel/sedimentary":2}},"DataVersion":3465}