{"stats":{"minecraft:dropped":{"afc:wood/twig/cypress":1},"minecraft:used":{"tfc:wood/twig/white_cedar":1,"tfc:rock/loose/rhyolite":1},"minecraft:custom":{"minecraft:jump":165,"minecraft:time_since_rest":6590,"minecraft:leave_game":1,"minecraft:crouch_one_cm":158,"minecraft:sprint_one_cm":15540,"minecraft:play_time":6590,"minecraft:walk_on_water_one_cm":3277,"minecraft:time_since_death":6590,"minecraft:walk_one_cm":5816,"minecraft:sneak_time":86,"minecraft:climb_one_cm":16,"minecraft:total_world_time":6590,"minecraft:walk_under_water_one_cm":2372,"minecraft:swim_one_cm":8114,"minecraft:drop":1,"minecraft:fall_one_cm":4830,"minecraft:fly_one_cm":34867}},"DataVersion":3465}