{"stats":{"minecraft:picked_up":{"tfc:food/beet":16,"minecraft:stick":12,"tfc:wood/log/birch":20,"tfc:food/chevon":5,"firmalife:food/red_grapes":1,"tfc:seeds/beet":2,"dttfc:birch_seed":10,"tfc:rock/loose/rhyolite":1,"firmalife:rennet":4,"tfc:straw":1,"tfc:food/smallmouth_bass":3,"tfc:food/bluegill":1,"tfc:dirt/sandy_loam":6,"tfc:rock/gravel/claystone":2,"tfc:food/crappie":1,"tfc:food/salmon":1,"tfc:pumpkin":1,"tfc:wood/twig/birch":4},"minecraft:crafted":{"minecraft:stick":7,"tfc:stone/hoe/igneous_extrusive":2,"tfc:stone/shovel/igneous_extrusive":2,"tfc:stone/javelin/igneous_extrusive":1,"tfc:stone/axe/igneous_extrusive":2},"minecraft:dropped":{"butcher:butchersguidebook":1,"tfc:pumpkin":1,"tfc:seeds/beet":2,"tfc:wood/log/birch":10,"tfc:straw":1,"tfc:food/beet":9,"tfc:wood/twig/birch":1,"tfc:dirt/sandy_loam":1,"firmalife:rennet":4,"tfc:wood/twig/ash":4,"dttfc:birch_seed":10,"firmalife:food/red_grapes":1},"minecraft:mined":{"tfc:wild_crop/beet":5,"tfc:rock/gravel/claystone":2,"tfc:dirt/sandy_loam":3,"tfc:plant/orchard_grass":1,"tfc:grass/sandy_loam":3,"firmalife:plant/wild_red_grapes":1,"tfc:plant/switchgrass":1,"tfc:wood/twig/ash":1,"tfc:pumpkin":1},"minecraft:used":{"tfc:rock/gravel/claystone":2,"tfc:food/beet":1,"tfc:stone/axe/igneous_extrusive":15,"minecraft:stick":1,"tfc:dirt/sandy_loam":5,"tfc:stone/hoe/igneous_extrusive":9,"tfc:stone/shovel/igneous_extrusive":11,"tfc:wood/fallen_leaves/birch":1},"minecraft:custom":{"minecraft:time_since_rest":3487,"minecraft:sprint_one_cm":41903,"minecraft:damage_taken":96,"minecraft:walk_one_cm":63648,"minecraft:mob_kills":7,"minecraft:drop":22,"minecraft:damage_dealt":340,"minecraft:swim_one_cm":2612,"minecraft:fly_one_cm":47696,"minecraft:crouch_one_cm":632,"minecraft:play_time":17654,"minecraft:deaths":1,"minecraft:sneak_time":379,"minecraft:walk_under_water_one_cm":9762,"minecraft:jump":431,"minecraft:time_since_death":3402,"minecraft:walk_on_water_one_cm":7581,"minecraft:total_world_time":17654,"minecraft:fall_one_cm":8588},"minecraft:killed":{"tfc:salmon":1,"tfc:goat":1,"tfc:smallmouth_bass":3,"tfc:crappie":1,"tfc:bluegill":1}},"DataVersion":3465}