{"stats":{"minecraft:picked_up":{"tfc:food/tomato":33,"tfc:deposit/native_gold/chalk":4,"tfc:wood/planks/chestnut":6,"tfc:plant/cloudberry_bush":6,"minecraft:clay_ball":252,"tfc:seeds/pumpkin":12,"tfc:seeds/tomato":18,"tfc:ceramic/pickaxe_head_mold":5,"tfc:stone/hoe/sedimentary":1,"tfc:small_raw_hide":4,"tfc:pan/empty":9,"firmalife:rennet":4,"tfc:straw":169,"tfc:ceramic/jug":3,"tfc:food/smallmouth_bass":3,"tfc:ore/small_native_gold":2,"tfc:dirt/sandy_loam":33,"tfc:stone/hoe_head/sedimentary":2,"tfc:rock/cobble/chalk":30,"tfc:rock/gravel/claystone":2,"tfc:food/crappie":1,"minecraft:gold_nugget":1,"tfc:food/cooked_venison":8,"tfc:wood/fallen_leaves/birch":1,"tfc:ceramic/saw_blade_mold":5,"tfc:food/cooked_horse_meat":1,"tfc:ore/small_malachite":2,"tfc:ceramic/large_vessel":22,"tfc:wood/planks/ash":3,"firmalife:seeds/red_grape":5,"tfc:seeds/garlic":2,"tfc:powder/wood_ash":3,"tfc:metal/pickaxe/copper":1,"tfc:food/venison":42,"notreepunching:flint_shard":2,"minecraft:stick":130,"tfc:food/horse_meat":7,"tfc:metal/saw/copper":1,"tfc:wood/twig/hickory":1,"tfc:wood/lumber/white_cedar":1,"tfc:thatch":4,"tfc:food/mutton":41,"dttfc:birch_seed":10,"tfc:rock/loose/rhyolite":58,"tfc:stone/shovel/sedimentary":2,"tfc:wood/log/white_cedar":25,"tfc:stone/shovel_head/sedimentary":1,"tfc:wood/sluice/white_cedar":3,"tfc:wood/log/spruce":12,"dttfc:chestnut_seed":1,"tfc:wood/twig/chestnut":2,"tfc:rock/gravel/chalk":47,"tfc:wood/chest/chestnut":5,"tfc:torch":3,"tfc:wood/stripped_log/ash":1,"tfc:wood/lumber/birch":48,"tfc:food/beet":64,"firmalife:seeds/white_grape":9,"minecraft:feather":4,"tfc:wood/planks/birch":10,"waterflasks:bladder":1,"minecraft:flint":63,"tfc:seeds/beet":19,"firmalife:food/red_grapes":4,"tfc:food/cooked_mutton":15,"tfc:ore/small_cassiterite":1,"tfc:wood/log/ash":5,"tfc:powder/native_copper":86,"tfc:food/bluegill":1,"minecraft:bone":34,"tfc:wood/log/chestnut":114,"tfc:rock/loose/chalk":246,"tfc:food/salmon":1,"tfc:large_raw_hide":5,"tfc:large_sheepskin_hide":12,"firmalife:food/white_grapes":3,"tfc:plant/pulsatilla":1,"tfc:wood/log/birch":84,"tfc:food/chevon":5,"tfc:ore/small_native_copper":27,"tfc:ceramic/vessel":5,"tfc:dirt/loam":13,"tfc:small_sheepskin_hide":3,"tfc:plant/grape_hyacinth":4,"tfc:medium_raw_hide":6,"tfc:stone/shovel/igneous_extrusive":5,"tfc:wood/planks/spruce":6,"tfc:food/garlic":5,"tfc:deposit/cassiterite/chalk":4,"minecraft:clay":56,"tfc:stone/javelin/sedimentary":3,"tfc:stone/javelin/igneous_extrusive":3,"tfc:pumpkin":13,"tfc:food/pork":8,"tfc:wood/twig/birch":4},"minecraft:crafted":{"tfc:wood/lumber/ash":16,"tfc:wood/lumber/white_cedar":96,"tfc:stone/hoe/sedimentary":3,"tfc:wood/sluice/white_cedar":1,"tfc:thatch":4,"tfc:stone/hoe/igneous_extrusive":3,"tfc:wood/planks/chestnut_workbench":1,"tfc:wood/chest/chestnut":4,"tfc:stone/shovel/sedimentary":1,"tfc:wood/planks/white_cedar":7,"tfc:wood/planks/chestnut":4,"minecraft:stick":14,"tfc:firestarter":5,"tfc:stone/shovel/igneous_extrusive":3,"tfc:rock/cobble/chalk":4,"tfc:metal/saw_blade/copper":1,"tfc:stone/javelin/sedimentary":1,"tfc:stone/javelin/igneous_extrusive":2,"tfc:wood/chest/ash":1,"tfc:metal/pickaxe_head/copper":1,"tfc:metal/pickaxe/copper":1,"tfc:wood/lumber/spruce":16,"tfc:stone/axe/igneous_extrusive":3,"minecraft:clay":34,"tfc:wood/lumber/chestnut":52,"tfc:metal/saw/copper":1},"minecraft:broken":{"tfc:stone/hoe/igneous_extrusive":1,"tfc:stone/shovel/igneous_extrusive":1},"minecraft:dropped":{"tfc:wood/planks/birch":9,"minecraft:clay":45,"dttfc:chestnut_seed":1,"tfc:wood/lumber/ash":8,"tfc:wood/log/chestnut":28,"tfc:seeds/garlic":2,"tfc:pumpkin":6,"tfc:rock/loose/chalk":225,"tfc:wood/planks/white_cedar":1,"tfc:wood/log/birch":42,"tfc:pan/empty":6,"tfc:straw":67,"tfc:food/crappie":1,"tfc:wood/twig/chestnut":1,"tfc:medium_raw_hide":4,"minecraft:feather":4,"tfc:ceramic/large_vessel":3,"tfc:seeds/tomato":6,"firmalife:seeds/white_grape":3,"tfc:food/smallmouth_bass":3,"tfc:ore/small_native_gold":4,"tfc:wood/planks/chestnut":4,"dttfc:birch_seed":10,"minecraft:stick":146,"minecraft:flint":39,"tfc:small_sheepskin_hide":2,"tfc:wood/lumber/birch":24,"tfc:deposit/native_gold/chalk":4,"tfc:large_sheepskin_hide":4,"tfc:rock/gravel/chalk":43,"tfc:wood/stripped_log/ash":1,"tfc:stone/shovel/igneous_extrusive":4,"tfc:seeds/beet":2,"tfc:food/rainbow_trout":2,"tfc:thatch":2,"tfc:food/beet":25,"tfc:wood/twig/birch":1,"tfc:food/cooked_venison":2,"minecraft:gold_nugget":1,"tfc:small_raw_hide":1,"tfc:wood/lumber/spruce":16,"tfc:rock/cobble/chalk":25,"tfc:wood/planks/spruce":5,"tfc:plant/grape_hyacinth":1,"tfc:firestarter":2,"minecraft:bone":19,"tfc:powder/wood_ash":3,"tfc:wood/lumber/white_cedar":1,"tfc:stone/axe/igneous_extrusive":2,"tfc:deposit/cassiterite/chalk":3,"tfc:food/tomato":11,"tfc:stone/hoe/sedimentary":3,"minecraft:clay_ball":26,"tfc:stone/javelin/igneous_extrusive":2,"tfc:stone/shovel_head/sedimentary":1,"tfc:powder/native_copper":36,"tfc:food/garlic":4,"tfc:wood/twig/hickory":1,"tfc:dirt/sandy_loam":15,"tfc:rock/loose/rhyolite":59,"tfc:wood/twig/ash":4,"firmalife:food/red_grapes":2,"butcher:butchersguidebook":1,"waterflasks:bladder":1,"tfc:ceramic/pickaxe_head_mold":3,"tfc:food/bluegill":1,"tfc:torch":13,"tfc:food/venison":9,"firmalife:seeds/red_grape":3,"tfc:ceramic/jug":4,"tfc:dirt/loam":13,"tfc:seeds/pumpkin":4,"tfc:stone/hoe_head/sedimentary":2,"tfc:food/mutton":8,"tfc:food/salmon":1,"notreepunching:flint_shard":2,"firmalife:rennet":4,"tfc:ore/small_malachite":2,"tfc:food/cooked_mutton":2,"tfc:ceramic/vessel":4,"tfc:ceramic/saw_blade_mold":2,"firmalife:food/white_grapes":1,"tfc:ore/small_native_copper":1,"tfc:food/cooked_horse_meat":2,"tfc:stone/hoe/igneous_extrusive":1},"minecraft:mined":{"tfc:wood/planks/spruce":1,"tfc:deposit/native_gold/chalk":4,"firmalife:plant/wild_white_grapes":1,"tfc:rock/gravel/claystone":2,"tfc:dirt/sandy_loam":11,"tfc:wood/sluice/white_cedar":2,"tfc:plant/orchard_grass":19,"tfc:grass/sandy_loam":12,"tfc:plant/cloudberry_bush":6,"tfc:wall_torch":3,"tfc:wood/log/white_cedar":14,"tfc:plant/pulsatilla":2,"tfc:wild_crop/beet":14,"tfc:groundcover/stick":1,"tfc:wood/chest/chestnut":3,"tfc:firepit":1,"tfc:plant/bluegrass":15,"tfc:plant/switchgrass":70,"dttfc:spruce_leaves":11,"tfc:plant/grape_hyacinth":6,"tfc:wild_crop/garlic":3,"tfc:pumpkin":8,"tfc:deposit/cassiterite/chalk":4,"tfc:clay_grass/sandy_loam":2,"tfc:wild_crop/pumpkin":4,"tfc:plant/lady_fern":1,"tfc:rock/gravel/rhyolite":1,"minecraft:clay":30,"firmalife:plant/wild_red_grapes":4,"tfc:wood/leaves/chestnut":1,"tfc:wood/planks/ash":1,"tfc:plant/ryegrass":40,"tfc:plant/meads_milkweed":1,"tfc:rock/gravel/chalk":28,"tfc:grass/loam":5,"tfc:wood/fallen_leaves/white_cedar":1,"tfc:wood/fallen_leaves/chestnut":1,"tfc:placed_item":90,"tfc:plant/butterfly_milkweed":1,"tfc:clay/sandy_loam":61,"tfc:plant/heather":2,"tfc:crop/beet":8,"tfc:wild_crop/tomato":6,"tfc:ceramic/large_vessel":22,"dttfc:spruce_undergrowth_leaves":1,"tfc:wood/twig/ash":1,"tfc:wood/planks/birch":1,"tfc:rock/cobble/chalk":25,"tfc:rock/raw/chalk":48,"tfc:thatch_bed":2},"minecraft:used":{"tfc:food/cooked_venison":6,"tfc:wood/planks/ash":3,"tfc:rock/cobble/chalk":12,"tfc:food/grouse":1,"tfc:rock/loose/chalk":1,"tfc:stone/shovel/sedimentary":1,"tfc:food/tomato":4,"tfc:stone/javelin/igneous_extrusive":21,"minecraft:stick":2,"tfc:seeds/beet":9,"tfc:stone/hoe/sedimentary":148,"tfc:food/cooked_rainbow_trout":3,"tfc:metal/saw/copper":29,"tfc:stone/shovel/igneous_extrusive":170,"tfc:wood/planks/chestnut_workbench":1,"tfc:food/pork":3,"tfc:wood/fallen_leaves/birch":2,"tfc:wood/log/white_cedar":2,"tfc:stone/axe/igneous_extrusive":56,"tfc:food/cooked_mutton":11,"tfc:food/mutton":1,"tfc:wood/planks/birch":18,"tfc:pan/filled":199,"tfc:deposit/cassiterite/chalk":1,"minecraft:clay":38,"tfc:plant/grape_hyacinth":3,"tfc:thatch":6,"tfc:dirt/sandy_loam":15,"tfc:wood/sluice/white_cedar":3,"tfc:wood/chest/chestnut":9,"tfc:rock/loose/rhyolite":1,"tfc:food/garlic":1,"tfc:pumpkin":7,"tfc:metal/pickaxe/copper":99,"tfc:rock/gravel/chalk":4,"tfc:wood/planks/white_cedar":6,"tfc:rock/gravel/claystone":2,"tfc:food/beet":1,"tfc:ceramic/large_vessel":22,"tfc:wood/chest/ash":1,"tfc:stone/javelin/sedimentary":12,"tfc:food/rainbow_trout":1,"tfc:pan/empty":398,"tfc:food/cooked_horse_meat":3,"tfc:plant/pulsatilla":1,"tfc:plant/cloudberry_bush":6,"tfc:torch":8,"tfc:wood/planks/spruce":27,"tfc:ore/small_malachite":1,"tfc:firestarter":22,"tfc:stone/hoe/igneous_extrusive":139,"firmalife:food/red_grapes":7},"minecraft:custom":{"minecraft:mob_kills":15,"minecraft:interact_with_crafting_table":15,"minecraft:time_since_death":3174,"minecraft:sprint_one_cm":468389,"minecraft:walk_one_cm":698397,"minecraft:drop":332,"minecraft:play_time":323654,"minecraft:deaths":5,"minecraft:sneak_time":8321,"minecraft:walk_under_water_one_cm":39509,"minecraft:jump":4172,"minecraft:walk_on_water_one_cm":200457,"minecraft:total_world_time":323654,"minecraft:time_since_rest":3223,"minecraft:damage_taken":1783,"minecraft:damage_dealt":1329,"minecraft:swim_one_cm":74847,"minecraft:fly_one_cm":955830,"minecraft:open_chest":102,"minecraft:crouch_one_cm":5812,"minecraft:fall_one_cm":116118},"minecraft:killed":{"tfc:goat":1,"tfc:sheep":1,"tfc:musk_ox":3,"tfc:salmon":1,"tfc:duck":1,"tfc:boar":1,"tfc:horse":1,"tfc:bluegill":1,"tfc:rabbit":1,"tfc:smallmouth_bass":3,"tfc:crappie":1}},"DataVersion":3465}