{"stats":{"minecraft:picked_up":{"tfc:food/tomato":38,"tfc:wood/planks/chestnut":6,"tfc:plant/cloudberry_bush":9,"tfc:seeds/pumpkin":16,"tfc:ceramic/pickaxe_head_mold":6,"tfc:stone/hoe/sedimentary":6,"tfc:pan/empty":13,"tfc:small_raw_hide":4,"tfc:ore/small_native_gold":2,"tfc:stone/hoe_head/sedimentary":3,"tfc:rock/cobble/chalk":30,"tfc:rock/gravel/claystone":2,"tfc:wood/fallen_leaves/birch":2,"minecraft:gold_nugget":1,"tfc:ore/small_malachite":2,"tfc:ceramic/saw_blade_mold":6,"tfc:food/cooked_horse_meat":1,"tfc:ceramic/large_vessel":53,"tfc:wood/planks/ash":3,"tfc:seeds/barley":20,"tfc:food/venison":45,"notreepunching:flint_shard":2,"minecraft:stick":392,"tfc:wood/lumber/white_cedar":1,"tfc:thatch":10,"tfc:rock/loose/rhyolite":58,"tfc:wood/log/white_cedar":135,"tfc:stone/shovel_head/sedimentary":3,"tfc:wood/sluice/white_cedar":3,"tfc:wood/log/spruce":24,"dttfc:chestnut_seed":1,"tfc:rock/gravel/chalk":49,"tfc:wood/chest/chestnut":5,"tfc:torch":3,"minecraft:feather":14,"tfc:seeds/beet":19,"waterflasks:bladder":1,"minecraft:flint":163,"tfc:wood/planks/birch":12,"tfc:food/cooked_mutton":15,"tfc:ore/small_cassiterite":1,"tfc:wood/log/ash":5,"minecraft:bone":34,"tfc:wood/log/chestnut":116,"tfc:rock/loose/chalk":247,"tfc:food/salmon":1,"tfc:large_raw_hide":7,"tfc:plant/pulsatilla":1,"dttfc:white_cedar_seed":9,"tfc:ceramic/vessel":6,"tfc:dirt/loam":15,"tfc:food/duck":10,"tfc:plant/grape_hyacinth":4,"tfc:stone/shovel/igneous_extrusive":5,"tfc:food/garlic":5,"minecraft:clay":92,"minecraft:clay_ball":517,"tfc:deposit/native_gold/chalk":4,"tfc:seeds/tomato":36,"firmalife:rennet":4,"tfc:food/barley":22,"tfc:straw":272,"tfc:ceramic/jug":6,"tfc:food/smallmouth_bass":3,"tfc:dirt/sandy_loam":47,"tfc:food/crappie":1,"tfc:food/cooked_venison":8,"firmalife:seeds/red_grape":6,"tfc:seeds/garlic":2,"tfc:powder/wood_ash":4,"tfc:metal/pickaxe/copper":2,"tfc:food/horse_meat":7,"tfc:wood/twig/hickory":1,"tfc:metal/saw/copper":6,"tfc:wood/planks/chestnut_workbench":3,"tfc:food/mutton":41,"dttfc:birch_seed":10,"tfc:stone/shovel/sedimentary":8,"tfc:wood/twig/chestnut":2,"tfc:wood/stripped_log/ash":1,"tfc:wood/lumber/birch":48,"tfc:food/beet":79,"firmalife:seeds/white_grape":12,"firmalife:food/red_grapes":4,"tfc:powder/native_copper":611,"tfc:food/bluegill":1,"tfc:wood/lumber/chestnut":24,"tfc:large_sheepskin_hide":15,"firmalife:food/white_grapes":3,"tfc:food/rainbow_trout":4,"tfc:wood/log/birch":84,"tfc:food/chevon":5,"tfc:ore/small_native_copper":115,"tfc:small_sheepskin_hide":3,"tfc:medium_raw_hide":8,"tfc:wood/planks/spruce":6,"tfc:deposit/cassiterite/chalk":4,"notreepunching:flint_knife":1,"tfc:wood/fallen_leaves/ash":1,"tfc:stone/javelin/igneous_extrusive":5,"tfc:stone/javelin/sedimentary":8,"tfc:pumpkin":21,"tfc:food/pork":8,"tfc:ceramic/unfired_large_vessel":6,"tfc:wood/twig/birch":7},"minecraft:crafted":{"tfc:stone/hoe/sedimentary":5,"tfc:thatch":4,"tfc:wood/chest/chestnut":4,"minecraft:stick":22,"tfc:stone/javelin/sedimentary":1,"tfc:stone/javelin/igneous_extrusive":2,"tfc:wood/lumber/spruce":16,"tfc:stone/axe/igneous_extrusive":3,"tfc:wood/lumber/ash":16,"tfc:wood/lumber/white_cedar":96,"tfc:wood/sluice/white_cedar":1,"tfc:stone/hoe/igneous_extrusive":3,"tfc:wood/planks/chestnut_workbench":1,"tfc:stone/shovel/sedimentary":3,"tfc:wood/planks/white_cedar":7,"tfc:wood/planks/chestnut":4,"tfc:firestarter":8,"tfc:stone/shovel/igneous_extrusive":3,"tfc:rock/cobble/chalk":4,"tfc:metal/saw_blade/copper":1,"tfc:wood/chest/ash":1,"tfc:metal/pickaxe/copper":2,"tfc:metal/pickaxe_head/copper":2,"minecraft:clay":52,"tfc:wood/lumber/chestnut":52,"tfc:metal/saw/copper":1},"minecraft:killed_by":{"minecraft:player":2},"minecraft:broken":{"tfc:stone/hoe/igneous_extrusive":1,"tfc:stone/hoe/sedimentary":1,"tfc:stone/shovel/igneous_extrusive":1,"tfc:stone/shovel/sedimentary":2},"minecraft:dropped":{"tfc:wood/planks/birch":11,"minecraft:clay":63,"notreepunching:flint_knife":2,"tfc:wood/lumber/ash":8,"tfc:wood/log/chestnut":30,"tfc:seeds/garlic":2,"tfc:rock/loose/chalk":229,"tfc:wood/log/birch":42,"tfc:pan/empty":7,"tfc:food/crappie":1,"tfc:seeds/tomato":18,"tfc:food/smallmouth_bass":3,"dttfc:birch_seed":10,"minecraft:flint":139,"tfc:small_sheepskin_hide":2,"tfc:large_sheepskin_hide":7,"tfc:wood/stripped_log/ash":1,"tfc:stone/shovel/igneous_extrusive":4,"tfc:seeds/beet":2,"tfc:food/beet":33,"tfc:wood/twig/birch":4,"tfc:small_raw_hide":1,"tfc:food/cooked_venison":2,"minecraft:gold_nugget":1,"tfc:rock/cobble/chalk":25,"tfc:wood/planks/spruce":5,"minecraft:bone":19,"tfc:powder/wood_ash":4,"tfc:deposit/cassiterite/chalk":3,"tfc:stone/hoe/sedimentary":5,"tfc:stone/javelin/sedimentary":1,"tfc:food/garlic":4,"tfc:wood/twig/hickory":1,"tfc:dirt/sandy_loam":17,"tfc:wood/twig/ash":4,"firmalife:food/red_grapes":2,"dttfc:white_cedar_seed":9,"tfc:seeds/barley":8,"tfc:ceramic/jug":7,"tfc:seeds/pumpkin":8,"tfc:food/salmon":1,"tfc:wood/lumber/chestnut":24,"notreepunching:flint_shard":2,"tfc:food/cooked_mutton":2,"tfc:ore/small_malachite":2,"tfc:food/cooked_horse_meat":2,"tfc:ceramic/unfired_large_vessel":1,"dttfc:chestnut_seed":1,"tfc:pumpkin":6,"tfc:wood/planks/white_cedar":1,"tfc:straw":100,"tfc:wood/twig/chestnut":1,"tfc:medium_raw_hide":6,"minecraft:feather":4,"tfc:ceramic/large_vessel":10,"tfc:wood/fallen_leaves/birch":1,"firmalife:seeds/white_grape":6,"tfc:wood/planks/chestnut_workbench":1,"tfc:ore/small_native_gold":4,"tfc:wood/planks/chestnut":4,"minecraft:stick":300,"tfc:wood/lumber/birch":24,"tfc:deposit/native_gold/chalk":4,"tfc:rock/gravel/chalk":45,"tfc:food/rainbow_trout":3,"tfc:thatch":2,"tfc:wood/lumber/spruce":16,"tfc:plant/grape_hyacinth":1,"tfc:firestarter":4,"tfc:wood/lumber/white_cedar":1,"tfc:stone/axe/igneous_extrusive":2,"tfc:food/tomato":11,"minecraft:clay_ball":34,"tfc:wood/twig/white_cedar":3,"tfc:stone/javelin/igneous_extrusive":4,"tfc:stone/shovel_head/sedimentary":3,"tfc:powder/native_copper":184,"tfc:rock/loose/rhyolite":59,"tfc:wood/log/white_cedar":16,"tfc:wood/fallen_leaves/ash":1,"butcher:butchersguidebook":1,"waterflasks:bladder":1,"tfc:ceramic/pickaxe_head_mold":3,"tfc:food/bluegill":1,"tfc:torch":20,"tfc:food/duck":4,"tfc:food/venison":9,"tfc:dirt/loam":15,"firmalife:seeds/red_grape":4,"tfc:stone/hoe_head/sedimentary":3,"tfc:food/mutton":8,"firmalife:rennet":4,"tfc:ceramic/vessel":4,"tfc:ceramic/saw_blade_mold":2,"firmalife:food/white_grapes":1,"tfc:ore/small_native_copper":23,"tfc:stone/hoe/igneous_extrusive":1},"minecraft:mined":{"tfc:plant/lily_of_the_valley":1,"tfc:wood/sluice/white_cedar":2,"tfc:plant/orchard_grass":41,"tfc:grass/sandy_loam":23,"tfc:wood/fallen_leaves/ash":1,"tfc:wall_torch":3,"tfc:sand/brown":1,"tfc:sand/yellow":1,"tfc:plant/pulsatilla":8,"tfc:wood/fallen_leaves/pine":1,"tfc:groundcover/stick":1,"tfc:wood/chest/chestnut":3,"tfc:plant/bluegrass":27,"tfc:plant/switchgrass":83,"dttfc:spruce_leaves":11,"tfc:firepit":1,"tfc:wild_crop/barley":4,"tfc:pumpkin":12,"tfc:clay_grass/sandy_loam":20,"tfc:wild_crop/pumpkin":5,"tfc:plant/lady_fern":1,"tfc:rock/gravel/rhyolite":1,"minecraft:clay":30,"firmalife:plant/wild_red_grapes":4,"tfc:wood/planks/ash":1,"tfc:plant/meads_milkweed":2,"tfc:rock/gravel/chalk":28,"tfc:grass/loam":7,"tfc:plant/sword_fern":1,"tfc:wood/planks/chestnut_workbench":1,"tfc:wild_crop/tomato":8,"tfc:ceramic/large_vessel":46,"dttfc:spruce_undergrowth_leaves":2,"tfc:wood/planks/birch":1,"tfc:rock/cobble/chalk":25,"tfc:deposit/native_gold/chalk":4,"tfc:wood/planks/spruce":1,"firmalife:plant/wild_white_grapes":1,"tfc:rock/gravel/claystone":2,"tfc:dirt/sandy_loam":13,"tfc:plant/cloudberry_bush":9,"tfc:wood/log/white_cedar":14,"tfc:wild_crop/beet":14,"tfc:plant/lilac":1,"tfc:wood/log/chestnut":1,"tfc:thatch":2,"tfc:plant/grape_hyacinth":7,"tfc:wild_crop/garlic":3,"dttfc:chestnut_undergrowth_leaves":3,"tfc:deposit/cassiterite/chalk":4,"dttfc:chestnut_leaves":2,"tfc:wood/leaves/chestnut":1,"tfc:plant/ryegrass":54,"tfc:wood/fallen_leaves/white_cedar":1,"tfc:placed_item":95,"tfc:wood/fallen_leaves/chestnut":1,"tfc:plant/butterfly_milkweed":2,"tfc:clay/sandy_loam":102,"tfc:plant/heather":2,"tfc:crop/beet":8,"tfc:farmland/sandy_loam":1,"tfc:wood/twig/ash":1,"tfc:rock/raw/chalk":48,"tfc:thatch_bed":4},"minecraft:used":{"tfc:food/cooked_venison":6,"tfc:rock/loose/chalk":1,"tfc:stone/javelin/igneous_extrusive":23,"tfc:stone/hoe/sedimentary":242,"tfc:food/cooked_rainbow_trout":3,"tfc:metal/saw/copper":46,"tfc:stone/shovel/igneous_extrusive":170,"tfc:food/pork":3,"tfc:wood/fallen_leaves/birch":3,"tfc:wood/log/white_cedar":6,"tfc:food/mutton":1,"tfc:wood/log/chestnut":1,"tfc:pan/filled":200,"minecraft:clay":38,"tfc:plant/grape_hyacinth":3,"tfc:thatch":12,"tfc:dirt/sandy_loam":27,"tfc:wood/sluice/white_cedar":3,"tfc:rock/loose/rhyolite":1,"tfc:wood/chest/chestnut":9,"tfc:food/garlic":1,"tfc:pumpkin":7,"tfc:wood/planks/white_cedar":6,"tfc:rock/gravel/claystone":2,"tfc:food/beet":2,"tfc:wood/chest/ash":1,"tfc:pan/empty":400,"tfc:food/cooked_horse_meat":3,"tfc:plant/pulsatilla":1,"tfc:plant/cloudberry_bush":9,"tfc:torch":10,"tfc:firestarter":35,"tfc:stone/hoe/igneous_extrusive":139,"firmalife:food/red_grapes":7,"tfc:wood/planks/ash":3,"tfc:rock/cobble/chalk":12,"tfc:food/grouse":1,"tfc:food/tomato":9,"minecraft:stick":3,"tfc:seeds/beet":9,"tfc:stone/shovel/sedimentary":82,"tfc:food/duck":2,"tfc:wood/planks/chestnut_workbench":1,"tfc:stone/axe/igneous_extrusive":56,"tfc:food/venison":3,"tfc:food/cooked_mutton":11,"tfc:wood/planks/birch":19,"tfc:deposit/cassiterite/chalk":1,"tfc:metal/pickaxe/copper":128,"tfc:rock/gravel/chalk":4,"tfc:ceramic/large_vessel":46,"tfc:stone/javelin/sedimentary":13,"tfc:food/rainbow_trout":4,"tfc:ore/small_malachite":1,"tfc:wood/planks/spruce":27},"minecraft:custom":{"minecraft:interact_with_crafting_table":16,"minecraft:leave_game":1,"minecraft:time_since_death":20908,"minecraft:sprint_one_cm":725195,"minecraft:drop":437,"minecraft:play_time":435497,"minecraft:deaths":10,"minecraft:jump":6021,"minecraft:walk_on_water_one_cm":206320,"minecraft:damage_dealt":1615,"minecraft:crouch_one_cm":6985,"minecraft:mob_kills":21,"minecraft:climb_one_cm":219,"minecraft:walk_one_cm":892646,"minecraft:sneak_time":9164,"minecraft:walk_under_water_one_cm":47486,"minecraft:total_world_time":435497,"minecraft:time_since_rest":20934,"minecraft:damage_taken":3072,"minecraft:swim_one_cm":100431,"minecraft:fly_one_cm":1402658,"minecraft:open_chest":156,"minecraft:fall_one_cm":194452},"minecraft:killed":{"tfc:rainbow_trout":4,"tfc:musk_ox":3,"tfc:bluegill":1,"tfc:rabbit":2,"tfc:smallmouth_bass":3,"tfc:goat":1,"tfc:sheep":1,"tfc:salmon":1,"tfc:boar":1,"tfc:duck":2,"tfc:horse":1,"tfc:crappie":1}},"DataVersion":3465}