{"stats":{"minecraft:picked_up":{"minecraft:clay_ball":251,"tfc:ceramic/pickaxe_head_mold":5,"tfc:small_raw_hide":4,"tfc:pan/empty":4,"firmalife:rennet":4,"tfc:straw":155,"tfc:food/smallmouth_bass":3,"tfc:dirt/sandy_loam":19,"tfc:stone/hoe_head/sedimentary":1,"tfc:rock/cobble/chalk":4,"tfc:rock/gravel/claystone":2,"tfc:food/crappie":1,"tfc:food/cooked_venison":4,"tfc:wood/fallen_leaves/birch":1,"tfc:ceramic/saw_blade_mold":5,"tfc:food/cooked_horse_meat":1,"tfc:ceramic/large_vessel":2,"tfc:wood/planks/ash":2,"firmalife:seeds/red_grape":2,"tfc:seeds/garlic":2,"tfc:powder/wood_ash":1,"notreepunching:flint_shard":1,"minecraft:stick":66,"tfc:food/horse_meat":7,"tfc:food/mutton":41,"dttfc:birch_seed":10,"tfc:rock/loose/rhyolite":42,"tfc:wood/log/white_cedar":11,"tfc:wood/log/spruce":12,"dttfc:chestnut_seed":1,"tfc:rock/gravel/chalk":1,"tfc:wood/stripped_log/ash":1,"tfc:food/beet":16,"minecraft:feather":4,"waterflasks:bladder":1,"tfc:seeds/beet":2,"firmalife:food/red_grapes":3,"tfc:food/cooked_mutton":5,"tfc:ore/small_cassiterite":1,"tfc:wood/log/ash":5,"tfc:powder/native_copper":54,"tfc:food/bluegill":1,"minecraft:bone":27,"tfc:wood/log/chestnut":60,"tfc:rock/loose/chalk":33,"tfc:food/salmon":1,"tfc:large_raw_hide":3,"tfc:large_sheepskin_hide":12,"tfc:plant/pulsatilla":1,"tfc:wood/log/birch":84,"tfc:food/chevon":5,"tfc:ore/small_native_copper":21,"tfc:ceramic/vessel":5,"tfc:dirt/loam":11,"tfc:small_sheepskin_hide":3,"tfc:plant/grape_hyacinth":3,"tfc:medium_raw_hide":4,"tfc:stone/shovel/igneous_extrusive":1,"tfc:food/garlic":5,"minecraft:clay":56,"tfc:stone/javelin/igneous_extrusive":2,"tfc:pumpkin":6,"tfc:food/pork":8,"tfc:wood/twig/birch":4},"minecraft:crafted":{"tfc:wood/lumber/ash":16,"tfc:stone/hoe/sedimentary":2,"tfc:thatch":4,"tfc:stone/hoe/igneous_extrusive":2,"tfc:wood/planks/chestnut_workbench":1,"tfc:wood/planks/chestnut":4,"minecraft:stick":7,"tfc:firestarter":3,"tfc:stone/shovel/igneous_extrusive":3,"tfc:metal/saw_blade/copper":1,"tfc:stone/javelin/igneous_extrusive":2,"tfc:wood/chest/ash":1,"tfc:metal/pickaxe_head/copper":1,"tfc:metal/pickaxe/copper":1,"tfc:wood/lumber/spruce":16,"tfc:stone/axe/igneous_extrusive":3,"minecraft:clay":34,"tfc:wood/lumber/chestnut":16,"tfc:metal/saw/copper":1},"minecraft:broken":{"tfc:stone/shovel/igneous_extrusive":1},"minecraft:dropped":{"minecraft:clay":45,"dttfc:chestnut_seed":1,"tfc:wood/lumber/ash":8,"tfc:wood/log/chestnut":4,"tfc:seeds/garlic":2,"tfc:pumpkin":3,"tfc:rock/loose/chalk":66,"tfc:wood/log/birch":42,"tfc:pan/empty":1,"tfc:straw":59,"tfc:food/crappie":1,"tfc:medium_raw_hide":1,"minecraft:feather":4,"tfc:ceramic/large_vessel":1,"tfc:food/smallmouth_bass":3,"dttfc:birch_seed":10,"minecraft:stick":43,"tfc:small_sheepskin_hide":2,"tfc:large_sheepskin_hide":4,"tfc:rock/gravel/chalk":1,"tfc:wood/stripped_log/ash":1,"tfc:seeds/beet":2,"tfc:thatch":2,"tfc:food/beet":9,"tfc:wood/twig/birch":1,"tfc:small_raw_hide":1,"tfc:rock/cobble/chalk":1,"tfc:plant/grape_hyacinth":1,"tfc:firestarter":1,"minecraft:bone":10,"tfc:powder/wood_ash":1,"tfc:stone/axe/igneous_extrusive":2,"tfc:stone/hoe/sedimentary":2,"minecraft:clay_ball":11,"tfc:stone/javelin/igneous_extrusive":2,"tfc:powder/native_copper":4,"tfc:food/garlic":4,"tfc:dirt/sandy_loam":7,"tfc:rock/loose/rhyolite":42,"tfc:wood/twig/ash":4,"firmalife:food/red_grapes":1,"butcher:butchersguidebook":1,"waterflasks:bladder":1,"tfc:ceramic/pickaxe_head_mold":3,"tfc:food/bluegill":1,"firmalife:seeds/red_grape":2,"tfc:ceramic/jug":3,"tfc:dirt/loam":3,"tfc:stone/hoe_head/sedimentary":1,"tfc:food/mutton":8,"tfc:food/salmon":1,"notreepunching:flint_shard":1,"firmalife:rennet":4,"tfc:food/cooked_mutton":2,"tfc:ceramic/vessel":4,"tfc:ceramic/saw_blade_mold":2,"tfc:food/cooked_horse_meat":2},"minecraft:mined":{"tfc:rock/gravel/claystone":2,"tfc:dirt/sandy_loam":8,"tfc:plant/orchard_grass":15,"tfc:grass/sandy_loam":12,"tfc:plant/pulsatilla":1,"tfc:wild_crop/beet":5,"tfc:groundcover/stick":1,"tfc:plant/bluegrass":13,"tfc:plant/switchgrass":70,"dttfc:spruce_leaves":6,"tfc:plant/grape_hyacinth":5,"tfc:wild_crop/garlic":3,"tfc:pumpkin":1,"tfc:clay_grass/sandy_loam":2,"tfc:rock/gravel/rhyolite":1,"minecraft:clay":30,"firmalife:plant/wild_red_grapes":3,"tfc:plant/ryegrass":36,"tfc:plant/meads_milkweed":1,"tfc:rock/gravel/chalk":5,"tfc:grass/loam":3,"tfc:wood/fallen_leaves/white_cedar":1,"tfc:placed_item":77,"tfc:plant/butterfly_milkweed":1,"tfc:clay/sandy_loam":61,"tfc:ceramic/large_vessel":2,"tfc:wood/twig/ash":1,"tfc:rock/cobble/chalk":4},"minecraft:used":{"tfc:food/cooked_venison":3,"tfc:rock/cobble/chalk":3,"tfc:rock/loose/chalk":1,"tfc:stone/javelin/igneous_extrusive":21,"minecraft:stick":1,"tfc:stone/hoe/sedimentary":93,"tfc:metal/saw/copper":1,"tfc:stone/shovel/igneous_extrusive":135,"tfc:wood/planks/chestnut_workbench":1,"tfc:food/pork":3,"tfc:wood/fallen_leaves/birch":2,"tfc:stone/axe/igneous_extrusive":56,"tfc:food/cooked_mutton":5,"tfc:food/mutton":1,"tfc:pan/filled":28,"minecraft:clay":38,"tfc:plant/grape_hyacinth":2,"tfc:thatch":2,"tfc:dirt/sandy_loam":12,"tfc:food/garlic":1,"tfc:pumpkin":3,"tfc:metal/pickaxe/copper":7,"tfc:rock/gravel/claystone":2,"tfc:food/beet":1,"tfc:ceramic/large_vessel":3,"tfc:wood/chest/ash":1,"tfc:stone/javelin/sedimentary":3,"tfc:pan/empty":56,"tfc:food/cooked_horse_meat":3,"tfc:plant/pulsatilla":1,"tfc:firestarter":15,"tfc:stone/hoe/igneous_extrusive":66,"firmalife:food/red_grapes":2},"minecraft:custom":{"minecraft:mob_kills":15,"minecraft:interact_with_crafting_table":5,"minecraft:time_since_death":137770,"minecraft:sprint_one_cm":289154,"minecraft:walk_one_cm":430252,"minecraft:drop":144,"minecraft:play_time":167654,"minecraft:deaths":2,"minecraft:sneak_time":3091,"minecraft:walk_under_water_one_cm":15652,"minecraft:jump":2672,"minecraft:walk_on_water_one_cm":34172,"minecraft:total_world_time":167654,"minecraft:time_since_rest":137820,"minecraft:damage_taken":582,"minecraft:damage_dealt":1255,"minecraft:swim_one_cm":30426,"minecraft:fly_one_cm":309912,"minecraft:open_chest":20,"minecraft:crouch_one_cm":2809,"minecraft:fall_one_cm":55125},"minecraft:killed":{"tfc:goat":1,"tfc:sheep":1,"tfc:musk_ox":3,"tfc:salmon":1,"tfc:duck":1,"tfc:boar":1,"tfc:horse":1,"tfc:bluegill":1,"tfc:rabbit":1,"tfc:smallmouth_bass":3,"tfc:crappie":1}},"DataVersion":3465}