{"stats":{"minecraft:picked_up":{"tfc:food/tomato":33,"tfc:deposit/native_gold/chalk":4,"tfc:wood/planks/chestnut":6,"tfc:plant/cloudberry_bush":9,"minecraft:clay_ball":517,"tfc:seeds/pumpkin":16,"tfc:seeds/tomato":24,"tfc:ceramic/pickaxe_head_mold":6,"tfc:stone/hoe/sedimentary":5,"tfc:small_raw_hide":4,"tfc:pan/empty":9,"firmalife:rennet":4,"tfc:straw":272,"tfc:ceramic/jug":3,"tfc:food/smallmouth_bass":3,"tfc:ore/small_native_gold":2,"tfc:dirt/sandy_loam":47,"tfc:stone/hoe_head/sedimentary":3,"tfc:rock/cobble/chalk":30,"tfc:rock/gravel/claystone":2,"tfc:food/crappie":1,"minecraft:gold_nugget":1,"tfc:food/cooked_venison":8,"tfc:wood/fallen_leaves/birch":2,"tfc:ceramic/saw_blade_mold":6,"tfc:food/cooked_horse_meat":1,"tfc:ore/small_malachite":2,"tfc:ceramic/large_vessel":23,"tfc:wood/planks/ash":3,"firmalife:seeds/red_grape":6,"tfc:seeds/garlic":2,"tfc:powder/wood_ash":4,"tfc:metal/pickaxe/copper":1,"tfc:food/venison":45,"notreepunching:flint_shard":2,"minecraft:stick":364,"tfc:food/horse_meat":7,"tfc:metal/saw/copper":5,"tfc:wood/twig/hickory":1,"tfc:wood/lumber/white_cedar":1,"tfc:thatch":4,"tfc:food/mutton":41,"dttfc:birch_seed":10,"tfc:rock/loose/rhyolite":58,"tfc:stone/shovel/sedimentary":7,"tfc:wood/log/white_cedar":135,"tfc:stone/shovel_head/sedimentary":3,"tfc:wood/sluice/white_cedar":3,"tfc:wood/log/spruce":24,"dttfc:chestnut_seed":1,"tfc:wood/twig/chestnut":2,"tfc:rock/gravel/chalk":49,"tfc:wood/chest/chestnut":5,"tfc:torch":3,"tfc:wood/stripped_log/ash":1,"tfc:wood/lumber/birch":48,"tfc:food/beet":79,"firmalife:seeds/white_grape":12,"minecraft:feather":14,"tfc:wood/planks/birch":12,"waterflasks:bladder":1,"minecraft:flint":129,"tfc:seeds/beet":19,"firmalife:food/red_grapes":4,"tfc:food/cooked_mutton":15,"tfc:ore/small_cassiterite":1,"tfc:wood/log/ash":5,"tfc:powder/native_copper":405,"tfc:food/bluegill":1,"minecraft:bone":34,"tfc:wood/log/chestnut":116,"tfc:rock/loose/chalk":246,"tfc:food/salmon":1,"tfc:large_raw_hide":5,"tfc:large_sheepskin_hide":15,"firmalife:food/white_grapes":3,"tfc:plant/pulsatilla":1,"dttfc:white_cedar_seed":9,"tfc:wood/log/birch":84,"tfc:food/chevon":5,"tfc:ore/small_native_copper":71,"tfc:ceramic/vessel":6,"tfc:dirt/loam":15,"tfc:small_sheepskin_hide":3,"tfc:food/duck":8,"tfc:plant/grape_hyacinth":4,"tfc:medium_raw_hide":8,"tfc:stone/shovel/igneous_extrusive":5,"tfc:wood/planks/spruce":6,"tfc:food/garlic":5,"tfc:deposit/cassiterite/chalk":4,"minecraft:clay":56,"tfc:stone/javelin/sedimentary":8,"tfc:stone/javelin/igneous_extrusive":5,"tfc:pumpkin":13,"tfc:food/pork":8,"tfc:ceramic/unfired_large_vessel":6,"tfc:wood/twig/birch":7},"minecraft:crafted":{"tfc:wood/lumber/ash":16,"tfc:wood/lumber/white_cedar":96,"tfc:stone/hoe/sedimentary":4,"tfc:wood/sluice/white_cedar":1,"tfc:thatch":4,"tfc:stone/hoe/igneous_extrusive":3,"tfc:wood/planks/chestnut_workbench":1,"tfc:wood/chest/chestnut":4,"tfc:stone/shovel/sedimentary":3,"tfc:wood/planks/white_cedar":7,"tfc:wood/planks/chestnut":4,"minecraft:stick":22,"tfc:firestarter":8,"tfc:stone/shovel/igneous_extrusive":3,"tfc:rock/cobble/chalk":4,"tfc:metal/saw_blade/copper":1,"tfc:stone/javelin/sedimentary":1,"tfc:stone/javelin/igneous_extrusive":2,"tfc:wood/chest/ash":1,"tfc:metal/pickaxe_head/copper":1,"tfc:metal/pickaxe/copper":1,"tfc:wood/lumber/spruce":16,"tfc:stone/axe/igneous_extrusive":3,"minecraft:clay":34,"tfc:wood/lumber/chestnut":52,"tfc:metal/saw/copper":1},"minecraft:killed_by":{"minecraft:player":1},"minecraft:broken":{"tfc:stone/hoe/igneous_extrusive":1,"tfc:stone/shovel/igneous_extrusive":1,"tfc:stone/hoe/sedimentary":1,"tfc:stone/shovel/sedimentary":2},"minecraft:dropped":{"tfc:wood/planks/birch":11,"tfc:ceramic/unfired_large_vessel":1,"minecraft:clay":45,"dttfc:chestnut_seed":1,"tfc:wood/lumber/ash":8,"tfc:wood/log/chestnut":30,"tfc:seeds/garlic":2,"tfc:pumpkin":6,"tfc:rock/loose/chalk":228,"tfc:wood/planks/white_cedar":1,"tfc:wood/log/birch":42,"tfc:pan/empty":6,"tfc:straw":100,"tfc:food/crappie":1,"tfc:wood/twig/chestnut":1,"tfc:medium_raw_hide":6,"minecraft:feather":4,"tfc:ceramic/large_vessel":3,"tfc:wood/fallen_leaves/birch":1,"tfc:seeds/tomato":12,"firmalife:seeds/white_grape":6,"tfc:food/smallmouth_bass":3,"tfc:ore/small_native_gold":4,"tfc:wood/planks/chestnut":4,"dttfc:birch_seed":10,"minecraft:stick":300,"minecraft:flint":105,"tfc:small_sheepskin_hide":2,"tfc:wood/lumber/birch":24,"tfc:deposit/native_gold/chalk":4,"tfc:large_sheepskin_hide":7,"tfc:rock/gravel/chalk":45,"tfc:wood/stripped_log/ash":1,"tfc:stone/shovel/igneous_extrusive":4,"tfc:seeds/beet":2,"tfc:food/rainbow_trout":2,"tfc:thatch":2,"tfc:food/beet":33,"tfc:wood/twig/birch":4,"tfc:food/cooked_venison":2,"minecraft:gold_nugget":1,"tfc:small_raw_hide":1,"tfc:wood/lumber/spruce":16,"tfc:rock/cobble/chalk":25,"tfc:wood/planks/spruce":5,"tfc:plant/grape_hyacinth":1,"tfc:firestarter":4,"minecraft:bone":19,"tfc:powder/wood_ash":4,"tfc:wood/lumber/white_cedar":1,"tfc:stone/axe/igneous_extrusive":2,"tfc:deposit/cassiterite/chalk":3,"tfc:food/tomato":11,"tfc:stone/hoe/sedimentary":5,"minecraft:clay_ball":34,"tfc:wood/twig/white_cedar":3,"tfc:stone/javelin/sedimentary":1,"tfc:stone/javelin/igneous_extrusive":4,"tfc:stone/shovel_head/sedimentary":3,"tfc:powder/native_copper":184,"tfc:food/garlic":4,"tfc:wood/twig/hickory":1,"tfc:dirt/sandy_loam":17,"tfc:rock/loose/rhyolite":59,"tfc:wood/twig/ash":4,"tfc:wood/log/white_cedar":16,"firmalife:food/red_grapes":2,"butcher:butchersguidebook":1,"waterflasks:bladder":1,"tfc:ceramic/pickaxe_head_mold":3,"dttfc:white_cedar_seed":9,"tfc:food/bluegill":1,"tfc:food/duck":2,"tfc:torch":13,"tfc:food/venison":9,"firmalife:seeds/red_grape":4,"tfc:ceramic/jug":5,"tfc:dirt/loam":15,"tfc:seeds/pumpkin":8,"tfc:stone/hoe_head/sedimentary":3,"tfc:food/mutton":8,"tfc:food/salmon":1,"notreepunching:flint_shard":2,"firmalife:rennet":4,"tfc:ore/small_malachite":2,"tfc:food/cooked_mutton":2,"tfc:ceramic/vessel":4,"tfc:ceramic/saw_blade_mold":2,"firmalife:food/white_grapes":1,"tfc:ore/small_native_copper":23,"tfc:food/cooked_horse_meat":2,"tfc:stone/hoe/igneous_extrusive":1},"minecraft:mined":{"tfc:wood/planks/spruce":1,"tfc:deposit/native_gold/chalk":4,"firmalife:plant/wild_white_grapes":1,"tfc:rock/gravel/claystone":2,"tfc:plant/lily_of_the_valley":1,"tfc:dirt/sandy_loam":13,"tfc:wood/sluice/white_cedar":2,"tfc:plant/orchard_grass":41,"tfc:grass/sandy_loam":23,"tfc:plant/cloudberry_bush":9,"tfc:wall_torch":3,"tfc:wood/log/white_cedar":14,"tfc:plant/pulsatilla":8,"tfc:wood/fallen_leaves/pine":1,"tfc:wild_crop/beet":14,"tfc:groundcover/stick":1,"tfc:wood/chest/chestnut":3,"tfc:wood/log/chestnut":1,"tfc:plant/lilac":1,"tfc:firepit":1,"tfc:plant/bluegrass":27,"tfc:plant/switchgrass":82,"dttfc:spruce_leaves":11,"tfc:plant/grape_hyacinth":7,"tfc:wild_crop/garlic":3,"dttfc:chestnut_undergrowth_leaves":3,"tfc:pumpkin":8,"tfc:deposit/cassiterite/chalk":4,"tfc:clay_grass/sandy_loam":20,"tfc:wild_crop/pumpkin":4,"tfc:plant/lady_fern":1,"tfc:rock/gravel/rhyolite":1,"minecraft:clay":30,"dttfc:chestnut_leaves":2,"firmalife:plant/wild_red_grapes":4,"tfc:wood/leaves/chestnut":1,"tfc:wood/planks/ash":1,"tfc:plant/ryegrass":54,"tfc:plant/meads_milkweed":2,"tfc:rock/gravel/chalk":28,"tfc:grass/loam":7,"tfc:plant/sword_fern":1,"tfc:wood/fallen_leaves/white_cedar":1,"tfc:wood/fallen_leaves/chestnut":1,"tfc:placed_item":95,"tfc:plant/butterfly_milkweed":1,"tfc:clay/sandy_loam":102,"tfc:plant/heather":2,"tfc:crop/beet":8,"tfc:wild_crop/tomato":6,"tfc:farmland/sandy_loam":1,"tfc:ceramic/large_vessel":22,"dttfc:spruce_undergrowth_leaves":2,"tfc:wood/twig/ash":1,"tfc:wood/planks/birch":1,"tfc:rock/cobble/chalk":25,"tfc:rock/raw/chalk":48,"tfc:thatch_bed":2},"minecraft:used":{"tfc:food/cooked_venison":6,"tfc:wood/planks/ash":3,"tfc:rock/cobble/chalk":12,"tfc:food/grouse":1,"tfc:rock/loose/chalk":1,"tfc:stone/shovel/sedimentary":80,"tfc:food/tomato":4,"tfc:stone/javelin/igneous_extrusive":23,"minecraft:stick":3,"tfc:seeds/beet":9,"tfc:stone/hoe/sedimentary":224,"tfc:food/cooked_rainbow_trout":3,"tfc:metal/saw/copper":36,"tfc:stone/shovel/igneous_extrusive":170,"tfc:wood/planks/chestnut_workbench":1,"tfc:food/pork":3,"tfc:wood/fallen_leaves/birch":3,"tfc:wood/log/white_cedar":6,"tfc:food/venison":3,"tfc:stone/axe/igneous_extrusive":56,"tfc:food/cooked_mutton":11,"tfc:food/mutton":1,"tfc:wood/log/chestnut":1,"tfc:wood/planks/birch":19,"tfc:pan/filled":200,"tfc:deposit/cassiterite/chalk":1,"minecraft:clay":38,"tfc:plant/grape_hyacinth":3,"tfc:thatch":6,"tfc:dirt/sandy_loam":27,"tfc:wood/sluice/white_cedar":3,"tfc:wood/chest/chestnut":9,"tfc:rock/loose/rhyolite":1,"tfc:food/garlic":1,"tfc:pumpkin":7,"tfc:metal/pickaxe/copper":99,"tfc:rock/gravel/chalk":4,"tfc:wood/planks/white_cedar":6,"tfc:rock/gravel/claystone":2,"tfc:food/beet":2,"tfc:ceramic/large_vessel":25,"tfc:wood/chest/ash":1,"tfc:stone/javelin/sedimentary":13,"tfc:food/rainbow_trout":1,"tfc:pan/empty":400,"tfc:food/cooked_horse_meat":3,"tfc:plant/pulsatilla":1,"tfc:plant/cloudberry_bush":9,"tfc:torch":10,"tfc:wood/planks/spruce":27,"tfc:ore/small_malachite":1,"tfc:firestarter":35,"tfc:stone/hoe/igneous_extrusive":139,"firmalife:food/red_grapes":7},"minecraft:custom":{"minecraft:mob_kills":16,"minecraft:interact_with_crafting_table":15,"minecraft:time_since_death":12899,"minecraft:climb_one_cm":144,"minecraft:sprint_one_cm":654359,"minecraft:walk_one_cm":831019,"minecraft:drop":412,"minecraft:play_time":401654,"minecraft:deaths":9,"minecraft:sneak_time":9002,"minecraft:walk_under_water_one_cm":42107,"minecraft:jump":5481,"minecraft:walk_on_water_one_cm":202384,"minecraft:total_world_time":401654,"minecraft:time_since_rest":12932,"minecraft:damage_taken":2877,"minecraft:damage_dealt":1329,"minecraft:swim_one_cm":76941,"minecraft:fly_one_cm":1321444,"minecraft:open_chest":121,"minecraft:crouch_one_cm":6758,"minecraft:fall_one_cm":180238},"minecraft:killed":{"tfc:goat":1,"tfc:sheep":1,"tfc:musk_ox":3,"tfc:salmon":1,"tfc:duck":2,"tfc:boar":1,"tfc:horse":1,"tfc:bluegill":1,"tfc:rabbit":1,"tfc:smallmouth_bass":3,"tfc:crappie":1}},"DataVersion":3465}