{"stats":{"minecraft:picked_up":{"tfc:food/beet":16,"minecraft:feather":4,"minecraft:clay_ball":227,"waterflasks:bladder":1,"tfc:food/cooked_mutton":5,"firmalife:food/red_grapes":3,"tfc:seeds/beet":2,"tfc:ore/small_cassiterite":1,"tfc:wood/log/ash":4,"tfc:powder/native_copper":54,"tfc:pan/empty":3,"tfc:small_raw_hide":2,"firmalife:rennet":4,"tfc:straw":112,"tfc:food/smallmouth_bass":3,"tfc:food/bluegill":1,"tfc:dirt/sandy_loam":19,"minecraft:bone":11,"tfc:wood/log/chestnut":52,"tfc:rock/loose/chalk":33,"tfc:rock/gravel/claystone":2,"tfc:food/crappie":1,"tfc:food/salmon":1,"tfc:wood/fallen_leaves/birch":1,"tfc:large_raw_hide":2,"tfc:food/cooked_horse_meat":1,"tfc:powder/wood_ash":1,"firmalife:seeds/red_grape":2,"tfc:large_sheepskin_hide":4,"tfc:seeds/garlic":2,"tfc:plant/pulsatilla":1,"minecraft:stick":56,"tfc:wood/log/birch":68,"tfc:food/horse_meat":7,"tfc:ore/small_native_copper":11,"tfc:food/chevon":5,"tfc:ceramic/vessel":1,"tfc:dirt/loam":11,"tfc:small_sheepskin_hide":3,"tfc:plant/grape_hyacinth":3,"tfc:medium_raw_hide":2,"tfc:wood/log/white_cedar":11,"dttfc:birch_seed":10,"tfc:food/mutton":41,"tfc:rock/loose/rhyolite":42,"tfc:food/garlic":5,"dttfc:chestnut_seed":1,"minecraft:clay":50,"tfc:rock/gravel/chalk":1,"tfc:stone/javelin/igneous_extrusive":2,"tfc:pumpkin":6,"tfc:food/pork":8,"tfc:wood/stripped_log/ash":1,"tfc:wood/twig/birch":4},"minecraft:crafted":{"tfc:stone/hoe/sedimentary":1,"minecraft:stick":7,"tfc:stone/hoe/igneous_extrusive":2,"tfc:firestarter":3,"tfc:stone/shovel/igneous_extrusive":3,"tfc:stone/javelin/igneous_extrusive":2,"tfc:stone/axe/igneous_extrusive":3,"minecraft:clay":34},"minecraft:broken":{"tfc:stone/shovel/igneous_extrusive":1},"minecraft:dropped":{"tfc:powder/wood_ash":1,"minecraft:clay":45,"dttfc:chestnut_seed":1,"tfc:wood/log/chestnut":1,"tfc:seeds/garlic":2,"tfc:pumpkin":3,"tfc:rock/loose/chalk":65,"tfc:stone/axe/igneous_extrusive":2,"tfc:wood/log/birch":42,"tfc:straw":56,"tfc:pan/empty":1,"tfc:food/crappie":1,"tfc:medium_raw_hide":1,"minecraft:feather":4,"minecraft:clay_ball":11,"tfc:stone/javelin/igneous_extrusive":2,"tfc:food/smallmouth_bass":3,"tfc:powder/native_copper":4,"tfc:food/garlic":4,"tfc:dirt/sandy_loam":7,"tfc:rock/loose/rhyolite":42,"tfc:wood/twig/ash":4,"minecraft:stick":37,"dttfc:birch_seed":10,"firmalife:food/red_grapes":1,"butcher:butchersguidebook":1,"tfc:small_sheepskin_hide":2,"waterflasks:bladder":1,"tfc:rock/gravel/chalk":1,"tfc:wood/stripped_log/ash":1,"tfc:food/bluegill":1,"tfc:seeds/beet":2,"tfc:ceramic/jug":3,"tfc:dirt/loam":3,"firmalife:seeds/red_grape":2,"tfc:food/beet":9,"tfc:wood/twig/birch":1,"tfc:small_raw_hide":1,"tfc:food/mutton":8,"tfc:food/salmon":1,"firmalife:rennet":4,"tfc:food/cooked_mutton":2,"tfc:ceramic/vessel":3,"tfc:plant/grape_hyacinth":1,"tfc:food/cooked_horse_meat":2,"tfc:firestarter":1,"minecraft:bone":10},"minecraft:mined":{"tfc:rock/gravel/claystone":2,"tfc:dirt/sandy_loam":8,"tfc:plant/orchard_grass":13,"tfc:grass/sandy_loam":12,"tfc:rock/gravel/rhyolite":1,"minecraft:clay":24,"firmalife:plant/wild_red_grapes":3,"tfc:plant/ryegrass":16,"tfc:rock/gravel/chalk":5,"tfc:grass/loam":3,"tfc:plant/pulsatilla":1,"tfc:placed_item":48,"tfc:plant/butterfly_milkweed":1,"tfc:wild_crop/beet":5,"tfc:clay/sandy_loam":61,"tfc:plant/bluegrass":4,"tfc:plant/switchgrass":59,"dttfc:spruce_leaves":5,"tfc:wood/twig/ash":1,"tfc:plant/grape_hyacinth":5,"tfc:wild_crop/garlic":3,"tfc:pumpkin":1,"tfc:clay_grass/sandy_loam":2},"minecraft:used":{"tfc:pan/filled":28,"tfc:rock/loose/chalk":1,"tfc:plant/grape_hyacinth":2,"minecraft:clay":32,"tfc:stone/javelin/igneous_extrusive":21,"minecraft:stick":1,"tfc:stone/hoe/sedimentary":49,"tfc:dirt/sandy_loam":12,"tfc:stone/shovel/igneous_extrusive":129,"tfc:food/pork":3,"tfc:wood/fallen_leaves/birch":2,"tfc:food/garlic":1,"tfc:pumpkin":3,"tfc:food/beet":1,"tfc:rock/gravel/claystone":2,"tfc:stone/javelin/sedimentary":3,"tfc:plant/pulsatilla":1,"tfc:pan/empty":56,"tfc:food/cooked_horse_meat":3,"tfc:stone/axe/igneous_extrusive":56,"tfc:firestarter":12,"tfc:stone/hoe/igneous_extrusive":66,"tfc:food/mutton":1,"tfc:food/cooked_mutton":5,"firmalife:food/red_grapes":2},"minecraft:custom":{"minecraft:mob_kills":15,"minecraft:time_since_death":95770,"minecraft:time_since_rest":95820,"minecraft:sprint_one_cm":258393,"minecraft:damage_taken":471,"minecraft:walk_one_cm":345610,"minecraft:drop":116,"minecraft:damage_dealt":1255,"minecraft:swim_one_cm":30426,"minecraft:fly_one_cm":277637,"minecraft:crouch_one_cm":1921,"minecraft:play_time":125654,"minecraft:deaths":2,"minecraft:sneak_time":2694,"minecraft:walk_under_water_one_cm":15652,"minecraft:jump":2300,"minecraft:walk_on_water_one_cm":34172,"minecraft:total_world_time":125654,"minecraft:fall_one_cm":46011},"minecraft:killed":{"tfc:salmon":1,"tfc:goat":1,"tfc:boar":1,"tfc:duck":1,"tfc:sheep":1,"tfc:horse":1,"tfc:musk_ox":3,"tfc:bluegill":1,"tfc:rabbit":1,"tfc:smallmouth_bass":3,"tfc:crappie":1}},"DataVersion":3465}