{"stats":{"minecraft:picked_up":{"minecraft:stick":12,"tfc:wood/log/birch":20,"tfc:food/chevon":5,"dttfc:birch_seed":6,"tfc:rock/loose/rhyolite":1,"tfc:wood/twig/birch":4,"firmalife:rennet":2},"minecraft:crafted":{"tfc:stone/shovel/igneous_extrusive":1,"tfc:stone/axe/igneous_extrusive":1,"tfc:stone/hoe/igneous_extrusive":1},"minecraft:dropped":{"butcher:butchersguidebook":1,"tfc:wood/log/birch":10,"firmalife:rennet":2,"dttfc:birch_seed":6},"minecraft:mined":{"tfc:wood/twig/ash":1},"minecraft:used":{"minecraft:stick":1,"tfc:stone/axe/igneous_extrusive":5},"minecraft:custom":{"minecraft:time_since_rest":5654,"minecraft:play_time":5654,"minecraft:crouch_one_cm":32,"minecraft:sprint_one_cm":12944,"minecraft:walk_one_cm":26414,"minecraft:sneak_time":18,"minecraft:mob_kills":1,"minecraft:drop":6,"minecraft:jump":104,"minecraft:damage_dealt":100,"minecraft:time_since_death":5654,"minecraft:total_world_time":5654,"minecraft:fly_one_cm":11115,"minecraft:fall_one_cm":1465},"minecraft:killed":{"tfc:goat":1}},"DataVersion":3465}