{"stats":{"minecraft:picked_up":{"tfc:food/beet":16,"minecraft:clay_ball":155,"firmalife:food/red_grapes":3,"tfc:seeds/beet":2,"tfc:small_raw_hide":2,"firmalife:rennet":4,"tfc:straw":44,"tfc:food/smallmouth_bass":3,"tfc:food/bluegill":1,"tfc:dirt/sandy_loam":11,"minecraft:bone":10,"tfc:wood/log/chestnut":16,"tfc:rock/gravel/claystone":2,"tfc:food/crappie":1,"tfc:food/salmon":1,"firmalife:seeds/red_grape":2,"tfc:large_sheepskin_hide":2,"tfc:seeds/garlic":2,"minecraft:stick":44,"tfc:wood/log/birch":20,"tfc:food/horse_meat":7,"tfc:food/chevon":5,"tfc:dirt/loam":1,"tfc:small_sheepskin_hide":3,"tfc:medium_raw_hide":2,"dttfc:birch_seed":10,"tfc:food/mutton":25,"tfc:rock/loose/rhyolite":42,"tfc:food/garlic":5,"dttfc:chestnut_seed":1,"minecraft:clay":40,"tfc:stone/javelin/igneous_extrusive":1,"tfc:pumpkin":6,"tfc:food/pork":8,"tfc:wood/twig/birch":4},"minecraft:crafted":{"minecraft:stick":7,"tfc:stone/hoe/igneous_extrusive":2,"tfc:stone/shovel/igneous_extrusive":3,"tfc:stone/javelin/igneous_extrusive":2,"tfc:stone/axe/igneous_extrusive":3,"minecraft:clay":32},"minecraft:broken":{"tfc:stone/shovel/igneous_extrusive":1},"minecraft:dropped":{"minecraft:clay":40,"dttfc:chestnut_seed":1,"tfc:seeds/garlic":2,"tfc:pumpkin":3,"tfc:stone/axe/igneous_extrusive":1,"tfc:wood/log/birch":10,"tfc:straw":1,"tfc:food/crappie":1,"tfc:medium_raw_hide":1,"minecraft:clay_ball":3,"tfc:food/smallmouth_bass":3,"tfc:food/garlic":4,"tfc:dirt/sandy_loam":4,"tfc:rock/loose/rhyolite":40,"tfc:wood/twig/ash":4,"dttfc:birch_seed":10,"firmalife:food/red_grapes":1,"butcher:butchersguidebook":1,"tfc:small_sheepskin_hide":2,"tfc:food/bluegill":1,"tfc:seeds/beet":2,"tfc:dirt/loam":1,"firmalife:seeds/red_grape":2,"tfc:food/beet":9,"tfc:wood/twig/birch":1,"tfc:small_raw_hide":1,"tfc:food/mutton":8,"tfc:food/salmon":1,"firmalife:rennet":4,"minecraft:bone":10},"minecraft:mined":{"tfc:rock/gravel/claystone":2,"tfc:dirt/sandy_loam":8,"tfc:plant/orchard_grass":11,"tfc:grass/sandy_loam":6,"tfc:rock/gravel/rhyolite":1,"minecraft:clay":6,"firmalife:plant/wild_red_grapes":3,"tfc:plant/ryegrass":6,"tfc:grass/loam":1,"tfc:placed_item":11,"tfc:plant/butterfly_milkweed":1,"tfc:wild_crop/beet":5,"tfc:clay/sandy_loam":61,"tfc:plant/bluegrass":3,"tfc:plant/switchgrass":29,"dttfc:spruce_leaves":5,"tfc:wood/twig/ash":1,"tfc:plant/grape_hyacinth":1,"tfc:wild_crop/garlic":3,"tfc:pumpkin":1,"tfc:clay_grass/sandy_loam":2},"minecraft:used":{"minecraft:clay":5,"tfc:stone/javelin/igneous_extrusive":16,"minecraft:stick":1,"tfc:dirt/sandy_loam":7,"tfc:stone/shovel/igneous_extrusive":93,"tfc:food/pork":3,"tfc:wood/fallen_leaves/birch":1,"tfc:food/garlic":1,"tfc:pumpkin":3,"tfc:food/beet":1,"tfc:rock/gravel/claystone":2,"tfc:stone/axe/igneous_extrusive":50,"tfc:stone/hoe/igneous_extrusive":66,"firmalife:food/red_grapes":2},"minecraft:custom":{"minecraft:mob_kills":13,"minecraft:time_since_death":23770,"minecraft:time_since_rest":23820,"minecraft:sprint_one_cm":155733,"minecraft:damage_taken":430,"minecraft:walk_one_cm":184998,"minecraft:drop":54,"minecraft:damage_dealt":930,"minecraft:swim_one_cm":30076,"minecraft:fly_one_cm":163794,"minecraft:crouch_one_cm":1335,"minecraft:play_time":53654,"minecraft:deaths":2,"minecraft:sneak_time":668,"minecraft:walk_under_water_one_cm":11606,"minecraft:jump":1386,"minecraft:walk_on_water_one_cm":10009,"minecraft:total_world_time":53654,"minecraft:fall_one_cm":25245},"minecraft:killed":{"tfc:salmon":1,"tfc:goat":1,"tfc:boar":1,"tfc:duck":1,"tfc:sheep":1,"tfc:horse":1,"tfc:musk_ox":1,"tfc:bluegill":1,"tfc:rabbit":1,"tfc:smallmouth_bass":3,"tfc:crappie":1}},"DataVersion":3465}