{"stats":{"minecraft:picked_up":{"tfc:food/beet":16,"minecraft:clay_ball":179,"waterflasks:bladder":1,"tfc:food/cooked_mutton":1,"firmalife:food/red_grapes":3,"tfc:seeds/beet":2,"tfc:small_raw_hide":2,"firmalife:rennet":4,"tfc:straw":45,"tfc:food/smallmouth_bass":3,"tfc:food/bluegill":1,"tfc:dirt/sandy_loam":11,"minecraft:bone":10,"tfc:wood/log/chestnut":16,"tfc:rock/loose/chalk":1,"tfc:rock/gravel/claystone":2,"tfc:food/crappie":1,"tfc:food/salmon":1,"tfc:food/cooked_horse_meat":1,"firmalife:seeds/red_grape":2,"tfc:large_sheepskin_hide":4,"tfc:seeds/garlic":2,"minecraft:stick":44,"tfc:wood/log/birch":68,"tfc:food/horse_meat":7,"tfc:ore/small_native_copper":1,"tfc:food/chevon":5,"tfc:dirt/loam":1,"tfc:small_sheepskin_hide":3,"tfc:plant/grape_hyacinth":1,"tfc:medium_raw_hide":2,"dttfc:birch_seed":10,"tfc:food/mutton":41,"tfc:rock/loose/rhyolite":42,"tfc:food/garlic":5,"dttfc:chestnut_seed":1,"minecraft:clay":40,"tfc:rock/gravel/chalk":1,"tfc:stone/javelin/igneous_extrusive":1,"tfc:pumpkin":6,"tfc:food/pork":8,"tfc:wood/twig/birch":4},"minecraft:crafted":{"minecraft:stick":7,"tfc:stone/hoe/igneous_extrusive":2,"tfc:firestarter":1,"tfc:stone/shovel/igneous_extrusive":3,"tfc:stone/javelin/igneous_extrusive":2,"tfc:stone/axe/igneous_extrusive":3,"minecraft:clay":34},"minecraft:broken":{"tfc:stone/shovel/igneous_extrusive":1},"minecraft:dropped":{"minecraft:clay":40,"dttfc:chestnut_seed":1,"tfc:wood/log/chestnut":1,"tfc:seeds/garlic":2,"tfc:pumpkin":3,"tfc:rock/loose/chalk":1,"tfc:stone/axe/igneous_extrusive":1,"tfc:wood/log/birch":42,"tfc:straw":6,"tfc:food/crappie":1,"tfc:medium_raw_hide":1,"minecraft:clay_ball":3,"tfc:food/smallmouth_bass":3,"tfc:food/garlic":4,"tfc:dirt/sandy_loam":4,"tfc:rock/loose/rhyolite":40,"tfc:wood/twig/ash":4,"minecraft:stick":7,"dttfc:birch_seed":10,"firmalife:food/red_grapes":1,"butcher:butchersguidebook":1,"tfc:small_sheepskin_hide":2,"waterflasks:bladder":1,"tfc:rock/gravel/chalk":1,"tfc:food/bluegill":1,"tfc:seeds/beet":2,"tfc:ceramic/jug":1,"tfc:dirt/loam":1,"firmalife:seeds/red_grape":2,"tfc:food/beet":9,"tfc:wood/twig/birch":1,"tfc:small_raw_hide":1,"tfc:food/mutton":8,"tfc:food/salmon":1,"firmalife:rennet":4,"tfc:ceramic/vessel":2,"tfc:food/cooked_horse_meat":2,"tfc:firestarter":1,"minecraft:bone":10},"minecraft:mined":{"tfc:rock/gravel/claystone":2,"tfc:dirt/sandy_loam":8,"tfc:plant/orchard_grass":11,"tfc:grass/sandy_loam":6,"tfc:rock/gravel/rhyolite":1,"minecraft:clay":12,"firmalife:plant/wild_red_grapes":3,"tfc:plant/ryegrass":6,"tfc:rock/gravel/chalk":5,"tfc:grass/loam":1,"tfc:placed_item":12,"tfc:plant/butterfly_milkweed":1,"tfc:wild_crop/beet":5,"tfc:clay/sandy_loam":61,"tfc:plant/bluegrass":3,"tfc:plant/switchgrass":29,"dttfc:spruce_leaves":5,"tfc:wood/twig/ash":1,"tfc:plant/grape_hyacinth":1,"tfc:wild_crop/garlic":3,"tfc:pumpkin":1,"tfc:clay_grass/sandy_loam":2},"minecraft:used":{"tfc:pan/filled":21,"tfc:plant/grape_hyacinth":1,"minecraft:clay":20,"tfc:stone/javelin/igneous_extrusive":16,"minecraft:stick":1,"tfc:dirt/sandy_loam":7,"tfc:stone/shovel/igneous_extrusive":104,"tfc:food/pork":3,"tfc:wood/fallen_leaves/birch":1,"tfc:food/garlic":1,"tfc:pumpkin":3,"tfc:food/beet":1,"tfc:rock/gravel/claystone":2,"tfc:pan/empty":42,"tfc:food/cooked_horse_meat":2,"tfc:stone/axe/igneous_extrusive":54,"tfc:firestarter":4,"tfc:stone/hoe/igneous_extrusive":66,"tfc:food/cooked_mutton":1,"firmalife:food/red_grapes":2},"minecraft:custom":{"minecraft:mob_kills":15,"minecraft:time_since_death":47770,"minecraft:time_since_rest":47820,"minecraft:sprint_one_cm":182075,"minecraft:damage_taken":430,"minecraft:walk_one_cm":220039,"minecraft:drop":79,"minecraft:damage_dealt":1130,"minecraft:swim_one_cm":30076,"minecraft:fly_one_cm":196430,"minecraft:crouch_one_cm":1521,"minecraft:play_time":77654,"minecraft:deaths":2,"minecraft:sneak_time":1159,"minecraft:walk_under_water_one_cm":13471,"minecraft:jump":1626,"minecraft:walk_on_water_one_cm":26633,"minecraft:total_world_time":77654,"minecraft:fall_one_cm":30350},"minecraft:killed":{"tfc:salmon":1,"tfc:goat":1,"tfc:boar":1,"tfc:duck":1,"tfc:sheep":1,"tfc:horse":1,"tfc:musk_ox":3,"tfc:bluegill":1,"tfc:rabbit":1,"tfc:smallmouth_bass":3,"tfc:crappie":1}},"DataVersion":3465}