{"stats":{"minecraft:picked_up":{"tfc:food/beet":16,"firmalife:food/red_grapes":3,"tfc:seeds/beet":2,"tfc:small_raw_hide":2,"firmalife:rennet":4,"tfc:straw":1,"tfc:food/smallmouth_bass":3,"tfc:food/bluegill":1,"tfc:dirt/sandy_loam":8,"minecraft:bone":10,"tfc:rock/gravel/claystone":2,"tfc:food/crappie":1,"tfc:food/salmon":1,"firmalife:seeds/red_grape":2,"tfc:large_sheepskin_hide":2,"tfc:seeds/garlic":2,"minecraft:stick":12,"tfc:wood/log/birch":20,"tfc:food/horse_meat":7,"tfc:food/chevon":5,"tfc:small_sheepskin_hide":3,"tfc:medium_raw_hide":2,"dttfc:birch_seed":10,"tfc:food/mutton":25,"tfc:rock/loose/rhyolite":27,"tfc:food/garlic":5,"tfc:stone/javelin/igneous_extrusive":1,"tfc:pumpkin":6,"tfc:food/pork":8,"tfc:wood/twig/birch":4},"minecraft:crafted":{"minecraft:stick":7,"tfc:stone/hoe/igneous_extrusive":2,"tfc:stone/shovel/igneous_extrusive":2,"tfc:stone/javelin/igneous_extrusive":2,"tfc:stone/axe/igneous_extrusive":2},"minecraft:dropped":{"tfc:seeds/garlic":2,"tfc:pumpkin":3,"tfc:stone/axe/igneous_extrusive":1,"tfc:wood/log/birch":10,"tfc:straw":1,"tfc:food/crappie":1,"tfc:medium_raw_hide":1,"tfc:food/smallmouth_bass":3,"tfc:food/garlic":4,"tfc:dirt/sandy_loam":1,"tfc:rock/loose/rhyolite":10,"tfc:wood/twig/ash":4,"dttfc:birch_seed":10,"firmalife:food/red_grapes":1,"butcher:butchersguidebook":1,"tfc:small_sheepskin_hide":2,"tfc:food/bluegill":1,"tfc:seeds/beet":2,"firmalife:seeds/red_grape":2,"tfc:food/beet":9,"tfc:wood/twig/birch":1,"tfc:small_raw_hide":1,"tfc:food/mutton":8,"tfc:food/salmon":1,"firmalife:rennet":4,"minecraft:bone":10},"minecraft:mined":{"tfc:rock/gravel/claystone":2,"tfc:dirt/sandy_loam":5,"tfc:plant/orchard_grass":1,"tfc:grass/sandy_loam":3,"firmalife:plant/wild_red_grapes":3,"tfc:placed_item":10,"tfc:wild_crop/beet":5,"tfc:plant/switchgrass":2,"tfc:wood/twig/ash":1,"tfc:wild_crop/garlic":3,"tfc:pumpkin":1},"minecraft:used":{"tfc:stone/javelin/igneous_extrusive":15,"minecraft:stick":1,"tfc:dirt/sandy_loam":7,"tfc:stone/shovel/igneous_extrusive":15,"tfc:wood/fallen_leaves/birch":1,"tfc:food/garlic":1,"tfc:pumpkin":3,"tfc:food/beet":1,"tfc:rock/gravel/claystone":2,"tfc:stone/axe/igneous_extrusive":48,"tfc:stone/hoe/igneous_extrusive":15,"firmalife:food/red_grapes":2},"minecraft:custom":{"minecraft:mob_kills":13,"minecraft:time_since_death":11770,"minecraft:time_since_rest":11820,"minecraft:sprint_one_cm":124270,"minecraft:damage_taken":417,"minecraft:walk_one_cm":134677,"minecraft:drop":43,"minecraft:damage_dealt":930,"minecraft:swim_one_cm":25519,"minecraft:fly_one_cm":143232,"minecraft:crouch_one_cm":976,"minecraft:play_time":41654,"minecraft:deaths":2,"minecraft:sneak_time":554,"minecraft:walk_under_water_one_cm":10712,"minecraft:jump":1166,"minecraft:walk_on_water_one_cm":8206,"minecraft:total_world_time":41654,"minecraft:fall_one_cm":22259},"minecraft:killed":{"tfc:salmon":1,"tfc:goat":1,"tfc:boar":1,"tfc:duck":1,"tfc:sheep":1,"tfc:horse":1,"tfc:musk_ox":1,"tfc:bluegill":1,"tfc:rabbit":1,"tfc:smallmouth_bass":3,"tfc:crappie":1}},"DataVersion":3465}