{
  "tfcastikorcarts:crafting/animal_cart/iroko": {
    "criteria": {
      "has_wheel": "2024-08-10 19:09:51 +0000"
    },
    "done": true
  },
  "tfcastikorcarts:crafting/supply_cart/angelim": {
    "criteria": {
      "has_wheel": "2024-08-10 19:09:51 +0000"
    },
    "done": true
  },
  "tfcastikorcarts:crafting/animal_cart/baobab": {
    "criteria": {
      "has_wheel": "2024-08-10 19:09:51 +0000"
    },
    "done": true
  },
  "tfcastikorcarts:crafting/animal_cart/yew": {
    "criteria": {
      "has_wheel": "2024-08-10 19:09:51 +0000"
    },
    "done": true
  },
  "tfcastikorcarts:crafting/animal_cart/rosewood": {
    "criteria": {
      "has_wheel": "2024-08-10 19:09:51 +0000"
    },
    "done": true
  },
  "tfcastikorcarts:crafting/animal_cart/alder": {
    "criteria": {
      "has_wheel": "2024-08-10 19:09:51 +0000"
    },
    "done": true
  },
  "tfcastikorcarts:crafting/animal_cart/medlar": {
    "criteria": {
      "has_wheel": "2024-08-10 19:09:51 +0000"
    },
    "done": true
  },
  "tfcastikorcarts:crafting/plow/red_mangrove": {
    "criteria": {
      "has_wheel": "2024-08-10 19:09:51 +0000"
    },
    "done": true
  },
  "tfcastikorcarts:crafting/animal_cart/rubber_fig": {
    "criteria": {
      "has_wheel": "2024-08-10 19:09:51 +0000"
    },
    "done": true
  },
  "tfcastikorcarts:crafting/supply_cart/spruce": {
    "criteria": {
      "has_wheel": "2024-08-10 19:09:51 +0000"
    },
    "done": true
  },
  "tfcastikorcarts:crafting/supply_cart/yew": {
    "criteria": {
      "has_wheel": "2024-08-10 19:09:51 +0000"
    },
    "done": true
  },
  "tfcastikorcarts:crafting/animal_cart/red_cedar": {
    "criteria": {
      "has_wheel": "2024-08-10 19:09:51 +0000"
    },
    "done": true
  },
  "tfcastikorcarts:crafting/plow/beech": {
    "criteria": {
      "has_wheel": "2024-08-10 19:09:51 +0000"
    },
    "done": true
  },
  "tfcastikorcarts:crafting/animal_cart/norway_spruce": {
    "criteria": {
      "has_wheel": "2024-08-10 19:09:51 +0000"
    },
    "done": true
  },
  "tfcastikorcarts:crafting/animal_cart/mahogany": {
    "criteria": {
      "has_wheel": "2024-08-10 19:09:51 +0000"
    },
    "done": true
  },
  "mcwfences:recipes/crimson": {
    "criteria": {
      "has_crimson": "2024-08-10 19:09:51 +0000"
    },
    "done": true
  },
  "tfcastikorcarts:crafting/animal_cart/sorb": {
    "criteria": {
      "has_wheel": "2024-08-10 19:09:51 +0000"
    },
    "done": true
  },
  "mcw_tfc_aio:recipes/end": {
    "criteria": {
      "has_end_brick": "2024-08-10 19:09:51 +0000"
    },
    "done": true
  },
  "mcw_tfc_aio:recipes/acacia": {
    "criteria": {
      "has_acacia": "2024-08-10 19:09:51 +0000"
    },
    "done": true
  },
  "tfcastikorcarts:crafting/supply_cart/blackwood": {
    "criteria": {
      "has_wheel": "2024-08-10 19:09:51 +0000"
    },
    "done": true
  },
  "tfcastikorcarts:crafting/supply_cart/rainbow_eucalyptus": {
    "criteria": {
      "has_wheel": "2024-08-10 19:09:51 +0000"
    },
    "done": true
  },
  "tfcastikorcarts:crafting/animal_cart/persimmon": {
    "criteria": {
      "has_wheel": "2024-08-10 19:09:51 +0000"
    },
    "done": true
  },
  "tfcastikorcarts:crafting/supply_cart/white_cherry_blossom": {
    "criteria": {
      "has_wheel": "2024-08-10 19:09:51 +0000"
    },
    "done": true
  },
  "tfcastikorcarts:crafting/animal_cart/locust": {
    "criteria": {
      "has_wheel": "2024-08-10 19:09:51 +0000"
    },
    "done": true
  },
  "tfcastikorcarts:crafting/plow/chestnut": {
    "criteria": {
      "has_wheel": "2024-08-10 19:09:51 +0000"
    },
    "done": true
  },
  "mcw_tfc_aio:recipes/sandstone": {
    "criteria": {
      "has_sand": "2024-08-10 19:09:51 +0000"
    },
    "done": true
  },
  "tfcastikorcarts:crafting/animal_cart/ginkgo": {
    "criteria": {
      "has_wheel": "2024-08-10 19:09:51 +0000"
    },
    "done": true
  },
  "tfcastikorcarts:crafting/supply_cart/pine": {
    "criteria": {
      "has_wheel": "2024-08-10 19:09:51 +0000"
    },
    "done": true
  },
  "tfcastikorcarts:crafting/supply_cart/red_cypress": {
    "criteria": {
      "has_wheel": "2024-08-10 19:09:51 +0000"
    },
    "done": true
  },
  "tfcastikorcarts:crafting/plow/sorb": {
    "criteria": {
      "has_wheel": "2024-08-10 19:09:51 +0000"
    },
    "done": true
  },
  "mcw_tfc_aio:recipes/thatch": {
    "criteria": {
      "has_planks": "2024-08-10 19:09:51 +0000"
    },
    "done": true
  },
  "tfcastikorcarts:crafting/supply_cart/black_willow": {
    "criteria": {
      "has_wheel": "2024-08-10 19:09:51 +0000"
    },
    "done": true
  },
  "tfcastikorcarts:crafting/supply_cart/hickory": {
    "criteria": {
      "has_wheel": "2024-08-10 19:09:51 +0000"
    },
    "done": true
  },
  "mcw_tfc_aio:recipes/deepslate": {
    "criteria": {
      "has_deepslate": "2024-08-10 19:09:51 +0000"
    },
    "done": true
  },
  "tfcastikorcarts:crafting/animal_cart/juniper": {
    "criteria": {
      "has_wheel": "2024-08-10 19:09:51 +0000"
    },
    "done": true
  },
  "tfcastikorcarts:crafting/supply_cart/rosewood": {
    "criteria": {
      "has_wheel": "2024-08-10 19:09:51 +0000"
    },
    "done": true
  },
  "tfcastikorcarts:crafting/plow/purple_ipe": {
    "criteria": {
      "has_wheel": "2024-08-10 19:09:51 +0000"
    },
    "done": true
  },
  "tfcastikorcarts:crafting/plow/blackwood": {
    "criteria": {
      "has_wheel": "2024-08-10 19:09:51 +0000"
    },
    "done": true
  },
  "mcw_tfc_aio:recipes/oak": {
    "criteria": {
      "has_oak": "2024-08-10 19:09:51 +0000"
    },
    "done": true
  },
  "tfcastikorcarts:crafting/supply_cart/birch": {
    "criteria": {
      "has_wheel": "2024-08-10 19:09:51 +0000"
    },
    "done": true
  },
  "tfcastikorcarts:crafting/supply_cart/pink_ipe": {
    "criteria": {
      "has_wheel": "2024-08-10 19:09:51 +0000"
    },
    "done": true
  },
  "tfcastikorcarts:crafting/plow/larch": {
    "criteria": {
      "has_wheel": "2024-08-10 19:09:51 +0000"
    },
    "done": true
  },
  "tfcastikorcarts:crafting/plow/hazel": {
    "criteria": {
      "has_wheel": "2024-08-10 19:09:51 +0000"
    },
    "done": true
  },
  "tfcastikorcarts:crafting/supply_cart/locust": {
    "criteria": {
      "has_wheel": "2024-08-10 19:09:51 +0000"
    },
    "done": true
  },
  "tfcastikorcarts:crafting/plow/maple": {
    "criteria": {
      "has_wheel": "2024-08-10 19:09:51 +0000"
    },
    "done": true
  },
  "tfcastikorcarts:crafting/supply_cart/whitebeam": {
    "criteria": {
      "has_wheel": "2024-08-10 19:09:51 +0000"
    },
    "done": true
  },
  "tfcastikorcarts:crafting/plow/ginkgo": {
    "criteria": {
      "has_wheel": "2024-08-10 19:09:51 +0000"
    },
    "done": true
  },
  "astikorcarts:recipes/plow": {
    "criteria": {
      "has_wheel": "2024-08-10 19:09:51 +0000"
    },
    "done": true
  },
  "tfcastikorcarts:crafting/plow/cocobolo": {
    "criteria": {
      "has_wheel": "2024-08-10 19:09:51 +0000"
    },
    "done": true
  },
  "tfcastikorcarts:crafting/animal_cart/jabuticabeira": {
    "criteria": {
      "has_wheel": "2024-08-10 19:09:51 +0000"
    },
    "done": true
  },
  "mcw_tfc_aio:recipes/sequoia": {
    "criteria": {
      "has_sequoia": "2024-08-10 19:09:51 +0000"
    },
    "done": true
  },
  "tfcastikorcarts:crafting/supply_cart/logwood": {
    "criteria": {
      "has_wheel": "2024-08-10 19:09:51 +0000"
    },
    "done": true
  },
  "tfcastikorcarts:crafting/plow/yellow_jacaranda": {
    "criteria": {
      "has_wheel": "2024-08-10 19:09:51 +0000"
    },
    "done": true
  },
  "tfcastikorcarts:crafting/plow/hornbeam": {
    "criteria": {
      "has_wheel": "2024-08-10 19:09:51 +0000"
    },
    "done": true
  },
  "tfcastikorcarts:crafting/animal_cart/laurel": {
    "criteria": {
      "has_wheel": "2024-08-10 19:09:51 +0000"
    },
    "done": true
  },
  "mcw_tfc_aio:recipes/quartz": {
    "criteria": {
      "has_qq": "2024-08-10 19:09:51 +0000"
    },
    "done": true
  },
  "tfcastikorcarts:crafting/plow/pink_ivory": {
    "criteria": {
      "has_wheel": "2024-08-10 19:09:51 +0000"
    },
    "done": true
  },
  "tfcastikorcarts:crafting/supply_cart/palm": {
    "criteria": {
      "has_wheel": "2024-08-10 19:09:51 +0000"
    },
    "done": true
  },
  "tfcastikorcarts:crafting/supply_cart/juniper": {
    "criteria": {
      "has_wheel": "2024-08-10 19:09:51 +0000"
    },
    "done": true
  },
  "tfcastikorcarts:crafting/supply_cart/medlar": {
    "criteria": {
      "has_wheel": "2024-08-10 19:09:51 +0000"
    },
    "done": true
  },
  "tfcastikorcarts:crafting/animal_cart/red_mangrove": {
    "criteria": {
      "has_wheel": "2024-08-10 19:09:51 +0000"
    },
    "done": true
  },
  "tfcastikorcarts:crafting/supply_cart/ghaf": {
    "criteria": {
      "has_wheel": "2024-08-10 19:09:51 +0000"
    },
    "done": true
  },
  "tfcastikorcarts:crafting/supply_cart/mulberry": {
    "criteria": {
      "has_wheel": "2024-08-10 19:09:51 +0000"
    },
    "done": true
  },
  "tfcastikorcarts:crafting/animal_cart/sweetgum": {
    "criteria": {
      "has_wheel": "2024-08-10 19:09:51 +0000"
    },
    "done": true
  },
  "mcwfences:recipes/birch": {
    "criteria": {
      "has_birch": "2024-08-10 19:09:51 +0000"
    },
    "done": true
  },
  "tfcastikorcarts:crafting/plow/jabuticabeira": {
    "criteria": {
      "has_wheel": "2024-08-10 19:09:51 +0000"
    },
    "done": true
  },
  "tfcastikorcarts:crafting/animal_cart/fever": {
    "criteria": {
      "has_wheel": "2024-08-10 19:09:51 +0000"
    },
    "done": true
  },
  "tfcastikorcarts:crafting/supply_cart/marblewood": {
    "criteria": {
      "has_wheel": "2024-08-10 19:09:51 +0000"
    },
    "done": true
  },
  "tfcastikorcarts:crafting/plow/ironwood": {
    "criteria": {
      "has_wheel": "2024-08-10 19:09:51 +0000"
    },
    "done": true
  },
  "mcwfences:recipes/end": {
    "criteria": {
      "has_end_brick": "2024-08-10 19:09:51 +0000"
    },
    "done": true
  },
  "tfcastikorcarts:crafting/supply_cart/persimmon": {
    "criteria": {
      "has_wheel": "2024-08-10 19:09:51 +0000"
    },
    "done": true
  },
  "tfcastikorcarts:crafting/plow/sweetgum": {
    "criteria": {
      "has_wheel": "2024-08-10 19:09:51 +0000"
    },
    "done": true
  },
  "tfcastikorcarts:crafting/plow/syzygium": {
    "criteria": {
      "has_wheel": "2024-08-10 19:09:51 +0000"
    },
    "done": true
  },
  "tfcastikorcarts:crafting/animal_cart/bald_cypress": {
    "criteria": {
      "has_wheel": "2024-08-10 19:09:51 +0000"
    },
    "done": true
  },
  "tfcastikorcarts:crafting/animal_cart/chestnut": {
    "criteria": {
      "has_wheel": "2024-08-10 19:09:51 +0000"
    },
    "done": true
  },
  "tfcastikorcarts:crafting/animal_cart/black_willow": {
    "criteria": {
      "has_wheel": "2024-08-10 19:09:51 +0000"
    },
    "done": true
  },
  "mcw_tfc_aio:recipes/maple": {
    "criteria": {
      "has_maple": "2024-08-10 19:09:51 +0000"
    },
    "done": true
  },
  "tfcastikorcarts:crafting/plow/hawthorn": {
    "criteria": {
      "has_wheel": "2024-08-10 19:09:51 +0000"
    },
    "done": true
  },
  "tfcastikorcarts:crafting/supply_cart/red_mangrove": {
    "criteria": {
      "has_wheel": "2024-08-10 19:09:51 +0000"
    },
    "done": true
  },
  "tfcastikorcarts:crafting/plow/rosewood": {
    "criteria": {
      "has_wheel": "2024-08-10 19:09:51 +0000"
    },
    "done": true
  },
  "tfcastikorcarts:crafting/supply_cart/laurel": {
    "criteria": {
      "has_wheel": "2024-08-10 19:09:51 +0000"
    },
    "done": true
  },
  "tfcastikorcarts:crafting/supply_cart/brazilwood": {
    "criteria": {
      "has_wheel": "2024-08-10 19:09:51 +0000"
    },
    "done": true
  },
  "tfcastikorcarts:crafting/supply_cart/redwood": {
    "criteria": {
      "has_wheel": "2024-08-10 19:09:51 +0000"
    },
    "done": true
  },
  "tfcastikorcarts:crafting/animal_cart/purple_jacaranda": {
    "criteria": {
      "has_wheel": "2024-08-10 19:09:51 +0000"
    },
    "done": true
  },
  "mcw_tfc_aio:recipes/ash": {
    "criteria": {
      "has_ash": "2024-08-10 19:09:51 +0000"
    },
    "done": true
  },
  "tfcastikorcarts:crafting/plow/buxus": {
    "criteria": {
      "has_wheel": "2024-08-10 19:09:51 +0000"
    },
    "done": true
  },
  "mcwfences:recipes/sandstone": {
    "criteria": {
      "has_sand": "2024-08-10 19:09:51 +0000"
    },
    "done": true
  },
  "tfcastikorcarts:crafting/animal_cart/birch": {
    "criteria": {
      "has_wheel": "2024-08-10 19:09:51 +0000"
    },
    "done": true
  },
  "tfcastikorcarts:crafting/plow/yellow_ipe": {
    "criteria": {
      "has_wheel": "2024-08-10 19:09:51 +0000"
    },
    "done": true
  },
  "tfcastikorcarts:crafting/plow/purpleheart": {
    "criteria": {
      "has_wheel": "2024-08-10 19:09:51 +0000"
    },
    "done": true
  },
  "tfcastikorcarts:crafting/supply_cart/pear": {
    "criteria": {
      "has_wheel": "2024-08-10 19:09:51 +0000"
    },
    "done": true
  },
  "mcwfences:recipes/acacia": {
    "criteria": {
      "has_acacia": "2024-08-10 19:09:51 +0000"
    },
    "done": true
  },
  "tfcastikorcarts:crafting/plow/aspen": {
    "criteria": {
      "has_wheel": "2024-08-10 19:09:51 +0000"
    },
    "done": true
  },
  "tfcastikorcarts:crafting/supply_cart/mahoe": {
    "criteria": {
      "has_wheel": "2024-08-10 19:09:51 +0000"
    },
    "done": true
  },
  "tfcastikorcarts:crafting/animal_cart/white_cedar": {
    "criteria": {
      "has_wheel": "2024-08-10 19:09:51 +0000"
    },
    "done": true
  },
  "tfcastikorcarts:crafting/supply_cart/sloe": {
    "criteria": {
      "has_wheel": "2024-08-10 19:09:51 +0000"
    },
    "done": true
  },
  "mcw_tfc_aio:recipes/concrete": {
    "criteria": {
      "has_planks": "2024-08-10 19:09:51 +0000"
    },
    "done": true
  },
  "tfcastikorcarts:crafting/animal_cart/rowan": {
    "criteria": {
      "has_wheel": "2024-08-10 19:09:51 +0000"
    },
    "done": true
  },
  "tfcastikorcarts:crafting/supply_cart/african_padauk": {
    "criteria": {
      "has_wheel": "2024-08-10 19:09:51 +0000"
    },
    "done": true
  },
  "tfcastikorcarts:crafting/animal_cart/ghaf": {
    "criteria": {
      "has_wheel": "2024-08-10 19:09:51 +0000"
    },
    "done": true
  },
  "tfcastikorcarts:crafting/animal_cart/white_cherry_blossom": {
    "criteria": {
      "has_wheel": "2024-08-10 19:09:51 +0000"
    },
    "done": true
  },
  "tfcastikorcarts:crafting/animal_cart/white_mangrove": {
    "criteria": {
      "has_wheel": "2024-08-10 19:09:51 +0000"
    },
    "done": true
  },
  "tfcastikorcarts:crafting/supply_cart/kauri": {
    "criteria": {
      "has_wheel": "2024-08-10 19:09:51 +0000"
    },
    "done": true
  },
  "tfcastikorcarts:crafting/supply_cart/messmate": {
    "criteria": {
      "has_wheel": "2024-08-10 19:09:51 +0000"
    },
    "done": true
  },
  "tfcastikorcarts:crafting/animal_cart/pine": {
    "criteria": {
      "has_wheel": "2024-08-10 19:09:51 +0000"
    },
    "done": true
  },
  "mcw_tfc_aio:recipes/bamboo": {
    "criteria": {
      "has_bamboo": "2024-08-10 19:09:51 +0000"
    },
    "done": true
  },
  "tfcastikorcarts:crafting/supply_cart/alder": {
    "criteria": {
      "has_wheel": "2024-08-10 19:09:51 +0000"
    },
    "done": true
  },
  "tfcastikorcarts:crafting/plow/spruce": {
    "criteria": {
      "has_wheel": "2024-08-10 19:09:51 +0000"
    },
    "done": true
  },
  "tfcastikorcarts:crafting/animal_cart/butternut": {
    "criteria": {
      "has_wheel": "2024-08-10 19:09:51 +0000"
    },
    "done": true
  },
  "tfcastikorcarts:crafting/plow/snow_gum_eucalyptus": {
    "criteria": {
      "has_wheel": "2024-08-10 19:09:51 +0000"
    },
    "done": true
  },
  "tfcastikorcarts:crafting/plow/palm": {
    "criteria": {
      "has_wheel": "2024-08-10 19:09:51 +0000"
    },
    "done": true
  },
  "tfcastikorcarts:crafting/plow/limba": {
    "criteria": {
      "has_wheel": "2024-08-10 19:09:51 +0000"
    },
    "done": true
  },
  "tfcastikorcarts:crafting/supply_cart/white_jacaranda": {
    "criteria": {
      "has_wheel": "2024-08-10 19:09:51 +0000"
    },
    "done": true
  },
  "tfcastikorcarts:crafting/plow/angelim": {
    "criteria": {
      "has_wheel": "2024-08-10 19:09:51 +0000"
    },
    "done": true
  },
  "tfcastikorcarts:crafting/supply_cart/oak": {
    "criteria": {
      "has_wheel": "2024-08-10 19:09:51 +0000"
    },
    "done": true
  },
  "tfcastikorcarts:crafting/plow/laurel": {
    "criteria": {
      "has_wheel": "2024-08-10 19:09:51 +0000"
    },
    "done": true
  },
  "tfcastikorcarts:crafting/supply_cart/poplar": {
    "criteria": {
      "has_wheel": "2024-08-10 19:09:51 +0000"
    },
    "done": true
  },
  "mcw_tfc_aio:recipes/blackwood": {
    "criteria": {
      "has_blackwood": "2024-08-10 19:09:51 +0000"
    },
    "done": true
  },
  "tfcastikorcarts:crafting/supply_cart/argyle_eucalyptus": {
    "criteria": {
      "has_wheel": "2024-08-10 19:09:51 +0000"
    },
    "done": true
  },
  "tfcastikorcarts:crafting/plow/brazilwood": {
    "criteria": {
      "has_wheel": "2024-08-10 19:09:51 +0000"
    },
    "done": true
  },
  "tfcastikorcarts:crafting/animal_cart/kapok": {
    "criteria": {
      "has_wheel": "2024-08-10 19:09:51 +0000"
    },
    "done": true
  },
  "tfcastikorcarts:crafting/plow/white_elm": {
    "criteria": {
      "has_wheel": "2024-08-10 19:09:51 +0000"
    },
    "done": true
  },
  "tfcastikorcarts:crafting/supply_cart/black_walnut": {
    "criteria": {
      "has_wheel": "2024-08-10 19:09:51 +0000"
    },
    "done": true
  },
  "tfcastikorcarts:crafting/supply_cart/sweetgum": {
    "criteria": {
      "has_wheel": "2024-08-10 19:09:51 +0000"
    },
    "done": true
  },
  "tfcastikorcarts:crafting/supply_cart/butternut": {
    "criteria": {
      "has_wheel": "2024-08-10 19:09:51 +0000"
    },
    "done": true
  },
  "tfcastikorcarts:crafting/supply_cart/beech": {
    "criteria": {
      "has_wheel": "2024-08-10 19:09:51 +0000"
    },
    "done": true
  },
  "mcw_tfc_aio:recipes/aspen": {
    "criteria": {
      "has_aspen": "2024-08-10 19:09:51 +0000"
    },
    "done": true
  },
  "tfcastikorcarts:crafting/animal_cart/larch": {
    "criteria": {
      "has_wheel": "2024-08-10 19:09:51 +0000"
    },
    "done": true
  },
  "farmersdelight:main/root": {
    "criteria": {
      "seeds": "2024-08-10 19:09:51 +0000"
    },
    "done": true
  },
  "tfcastikorcarts:crafting/animal_cart/willow": {
    "criteria": {
      "has_wheel": "2024-08-10 19:09:51 +0000"
    },
    "done": true
  },
  "tfcastikorcarts:crafting/animal_cart/hazel": {
    "criteria": {
      "has_wheel": "2024-08-10 19:09:51 +0000"
    },
    "done": true
  },
  "tfcastikorcarts:crafting/plow/red_cedar": {
    "criteria": {
      "has_wheel": "2024-08-10 19:09:51 +0000"
    },
    "done": true
  },
  "tfcastikorcarts:crafting/animal_cart/buxus": {
    "criteria": {
      "has_wheel": "2024-08-10 19:09:51 +0000"
    },
    "done": true
  },
  "tfcastikorcarts:crafting/supply_cart/purpleheart": {
    "criteria": {
      "has_wheel": "2024-08-10 19:09:51 +0000"
    },
    "done": true
  },
  "tfcastikorcarts:crafting/animal_cart/common_oak": {
    "criteria": {
      "has_wheel": "2024-08-10 19:09:51 +0000"
    },
    "done": true
  },
  "tfcastikorcarts:crafting/plow/wenge": {
    "criteria": {
      "has_wheel": "2024-08-10 19:09:51 +0000"
    },
    "done": true
  },
  "tfcastikorcarts:crafting/animal_cart/zebrawood": {
    "criteria": {
      "has_wheel": "2024-08-10 19:09:51 +0000"
    },
    "done": true
  },
  "tfcastikorcarts:crafting/animal_cart/mangrove": {
    "criteria": {
      "has_wheel": "2024-08-10 19:09:51 +0000"
    },
    "done": true
  },
  "tfcastikorcarts:crafting/supply_cart/sycamore": {
    "criteria": {
      "has_wheel": "2024-08-10 19:09:51 +0000"
    },
    "done": true
  },
  "tfcastikorcarts:crafting/supply_cart/nordmann_fir": {
    "criteria": {
      "has_wheel": "2024-08-10 19:09:51 +0000"
    },
    "done": true
  },
  "tfcastikorcarts:crafting/supply_cart/sorb": {
    "criteria": {
      "has_wheel": "2024-08-10 19:09:51 +0000"
    },
    "done": true
  },
  "mcw_tfc_aio:recipes/hedge": {
    "criteria": {
      "has_birch": "2024-08-10 19:09:52 +0000"
    },
    "done": true
  },
  "tfcastikorcarts:crafting/animal_cart/hawthorn": {
    "criteria": {
      "has_wheel": "2024-08-10 19:09:52 +0000"
    },
    "done": true
  },
  "tfcastikorcarts:crafting/plow/walnut": {
    "criteria": {
      "has_wheel": "2024-08-10 19:09:52 +0000"
    },
    "done": true
  },
  "tfcastikorcarts:crafting/animal_cart/quince": {
    "criteria": {
      "has_wheel": "2024-08-10 19:09:52 +0000"
    },
    "done": true
  },
  "tfcastikorcarts:crafting/supply_cart/joshua": {
    "criteria": {
      "has_wheel": "2024-08-10 19:09:52 +0000"
    },
    "done": true
  },
  "tfcastikorcarts:crafting/plow/logwood": {
    "criteria": {
      "has_wheel": "2024-08-10 19:09:52 +0000"
    },
    "done": true
  },
  "tfcastikorcarts:crafting/supply_cart/larch": {
    "criteria": {
      "has_wheel": "2024-08-10 19:09:52 +0000"
    },
    "done": true
  },
  "tfcastikorcarts:crafting/plow/sycamore": {
    "criteria": {
      "has_wheel": "2024-08-10 19:09:52 +0000"
    },
    "done": true
  },
  "tfcastikorcarts:crafting/plow/birch": {
    "criteria": {
      "has_wheel": "2024-08-10 19:09:52 +0000"
    },
    "done": true
  },
  "mcw_tfc_aio:recipes/blackstone": {
    "criteria": {
      "has_blackstone": "2024-08-10 19:09:52 +0000"
    },
    "done": true
  },
  "tfcastikorcarts:crafting/animal_cart/hickory": {
    "criteria": {
      "has_wheel": "2024-08-10 19:09:52 +0000"
    },
    "done": true
  },
  "tfcastikorcarts:crafting/plow/pear": {
    "criteria": {
      "has_wheel": "2024-08-10 19:09:52 +0000"
    },
    "done": true
  },
  "tfcastikorcarts:crafting/supply_cart/cocobolo": {
    "criteria": {
      "has_wheel": "2024-08-10 19:09:52 +0000"
    },
    "done": true
  },
  "tfcastikorcarts:crafting/plow/white_mangrove": {
    "criteria": {
      "has_wheel": "2024-08-10 19:09:52 +0000"
    },
    "done": true
  },
  "tfcastikorcarts:crafting/animal_cart/greenheart": {
    "criteria": {
      "has_wheel": "2024-08-10 19:09:52 +0000"
    },
    "done": true
  },
  "tfcastikorcarts:crafting/supply_cart/greenheart": {
    "criteria": {
      "has_wheel": "2024-08-10 19:09:52 +0000"
    },
    "done": true
  },
  "tfcastikorcarts:crafting/animal_cart/red_elm": {
    "criteria": {
      "has_wheel": "2024-08-10 19:09:52 +0000"
    },
    "done": true
  },
  "tfcastikorcarts:crafting/animal_cart/acacia": {
    "criteria": {
      "has_wheel": "2024-08-10 19:09:52 +0000"
    },
    "done": true
  },
  "tfcastikorcarts:crafting/supply_cart/white_mangrove": {
    "criteria": {
      "has_wheel": "2024-08-10 19:09:52 +0000"
    },
    "done": true
  },
  "mcwfences:recipes/dark_oak": {
    "criteria": {
      "has_dark_oak": "2024-08-10 19:09:52 +0000"
    },
    "done": true
  },
  "tfcastikorcarts:crafting/animal_cart/holly": {
    "criteria": {
      "has_wheel": "2024-08-10 19:09:52 +0000"
    },
    "done": true
  },
  "tfcastikorcarts:crafting/supply_cart/sequoia": {
    "criteria": {
      "has_wheel": "2024-08-10 19:09:52 +0000"
    },
    "done": true
  },
  "tfcastikorcarts:crafting/animal_cart/hemlock": {
    "criteria": {
      "has_wheel": "2024-08-10 19:09:52 +0000"
    },
    "done": true
  },
  "butcher:firstjoinadvancement": {
    "criteria": {
      "firstjoinadvancement_0": "2024-08-10 19:09:52 +0000"
    },
    "done": true
  },
  "tfcastikorcarts:crafting/animal_cart/red_cypress": {
    "criteria": {
      "has_wheel": "2024-08-10 19:09:52 +0000"
    },
    "done": true
  },
  "tfcastikorcarts:crafting/animal_cart/ironwood": {
    "criteria": {
      "has_wheel": "2024-08-10 19:09:52 +0000"
    },
    "done": true
  },
  "mcwfences:recipes/prismarine": {
    "criteria": {
      "has_qq": "2024-08-10 19:09:52 +0000"
    },
    "done": true
  },
  "mcwfences:recipes/quartz": {
    "criteria": {
      "has_qq": "2024-08-10 19:09:52 +0000"
    },
    "done": true
  },
  "tfcastikorcarts:crafting/animal_cart/argyle_eucalyptus": {
    "criteria": {
      "has_wheel": "2024-08-10 19:09:52 +0000"
    },
    "done": true
  },
  "mcw_tfc_aio:recipes/kapok": {
    "criteria": {
      "has_kapok": "2024-08-10 19:09:52 +0000"
    },
    "done": true
  },
  "tfcastikorcarts:crafting/supply_cart/kapok": {
    "criteria": {
      "has_wheel": "2024-08-10 19:09:52 +0000"
    },
    "done": true
  },
  "tfcastikorcarts:crafting/plow/pink_ipe": {
    "criteria": {
      "has_wheel": "2024-08-10 19:09:52 +0000"
    },
    "done": true
  },
  "tfcastikorcarts:crafting/animal_cart/snow_gum_eucalyptus": {
    "criteria": {
      "has_wheel": "2024-08-10 19:09:52 +0000"
    },
    "done": true
  },
  "tfcastikorcarts:crafting/animal_cart/pink_cherry_blossom": {
    "criteria": {
      "has_wheel": "2024-08-10 19:09:52 +0000"
    },
    "done": true
  },
  "tfcastikorcarts:crafting/plow/messmate": {
    "criteria": {
      "has_wheel": "2024-08-10 19:09:52 +0000"
    },
    "done": true
  },
  "tfcastikorcarts:crafting/supply_cart/willow": {
    "criteria": {
      "has_wheel": "2024-08-10 19:09:52 +0000"
    },
    "done": true
  },
  "tfcastikorcarts:crafting/supply_cart/mangrove": {
    "criteria": {
      "has_wheel": "2024-08-10 19:09:52 +0000"
    },
    "done": true
  },
  "tfcastikorcarts:crafting/animal_cart/marblewood": {
    "criteria": {
      "has_wheel": "2024-08-10 19:09:52 +0000"
    },
    "done": true
  },
  "tfcastikorcarts:crafting/animal_cart/sequoia": {
    "criteria": {
      "has_wheel": "2024-08-10 19:09:52 +0000"
    },
    "done": true
  },
  "minecraft:recipes/decorations/crafting_table": {
    "criteria": {
      "unlock_right_away": "2024-08-10 19:09:52 +0000"
    },
    "done": true
  },
  "mcwfences:recipes/jungle": {
    "criteria": {
      "has_jungle": "2024-08-10 19:09:52 +0000"
    },
    "done": true
  },
  "tfcastikorcarts:crafting/animal_cart/angelim": {
    "criteria": {
      "has_wheel": "2024-08-10 19:09:52 +0000"
    },
    "done": true
  },
  "tfcastikorcarts:crafting/plow/fever": {
    "criteria": {
      "has_wheel": "2024-08-10 19:09:52 +0000"
    },
    "done": true
  },
  "tfcastikorcarts:crafting/plow/rowan": {
    "criteria": {
      "has_wheel": "2024-08-10 19:09:52 +0000"
    },
    "done": true
  },
  "tfcastikorcarts:crafting/supply_cart/bald_cypress": {
    "criteria": {
      "has_wheel": "2024-08-10 19:09:52 +0000"
    },
    "done": true
  },
  "astikorcarts:recipes/supply_cart": {
    "criteria": {
      "has_wheel": "2024-08-10 19:09:52 +0000"
    },
    "done": true
  },
  "mcw_tfc_aio:recipes/rosewood": {
    "criteria": {
      "has_rosewood": "2024-08-10 19:09:52 +0000"
    },
    "done": true
  },
  "tfcastikorcarts:crafting/plow/norway_spruce": {
    "criteria": {
      "has_wheel": "2024-08-10 19:09:52 +0000"
    },
    "done": true
  },
  "tfcastikorcarts:crafting/animal_cart/poplar": {
    "criteria": {
      "has_wheel": "2024-08-10 19:09:52 +0000"
    },
    "done": true
  },
  "mcwfences:recipes/mangrove": {
    "criteria": {
      "has_mangrove": "2024-08-10 19:09:52 +0000"
    },
    "done": true
  },
  "mcwfences:recipes/warped": {
    "criteria": {
      "has_warped": "2024-08-10 19:09:52 +0000"
    },
    "done": true
  },
  "tfcastikorcarts:crafting/supply_cart/white_elm": {
    "criteria": {
      "has_wheel": "2024-08-10 19:09:52 +0000"
    },
    "done": true
  },
  "tfcastikorcarts:crafting/animal_cart/black_walnut": {
    "criteria": {
      "has_wheel": "2024-08-10 19:09:52 +0000"
    },
    "done": true
  },
  "mcw_tfc_aio:recipes/hickory": {
    "criteria": {
      "has_hickory": "2024-08-10 19:09:52 +0000"
    },
    "done": true
  },
  "tfcastikorcarts:crafting/animal_cart/oak": {
    "criteria": {
      "has_wheel": "2024-08-10 19:09:52 +0000"
    },
    "done": true
  },
  "mcwfences:recipes/nether": {
    "criteria": {
      "has_nether_brick": "2024-08-10 19:09:52 +0000"
    },
    "done": true
  },
  "tfcastikorcarts:crafting/supply_cart/wenge": {
    "criteria": {
      "has_wheel": "2024-08-10 19:09:52 +0000"
    },
    "done": true
  },
  "tfcastikorcarts:crafting/animal_cart/white_ipe": {
    "criteria": {
      "has_wheel": "2024-08-10 19:09:52 +0000"
    },
    "done": true
  },
  "mcw_tfc_aio:recipes/stone": {
    "criteria": {
      "has_stone": "2024-08-10 19:09:52 +0000"
    },
    "done": true
  },
  "tfcastikorcarts:crafting/plow/douglas_fir": {
    "criteria": {
      "has_wheel": "2024-08-10 19:09:52 +0000"
    },
    "done": true
  },
  "mcw_tfc_aio:recipes/gutters": {
    "criteria": {
      "has_planks": "2024-08-10 19:09:52 +0000"
    },
    "done": true
  },
  "tfcastikorcarts:crafting/animal_cart/cocobolo": {
    "criteria": {
      "has_wheel": "2024-08-10 19:09:52 +0000"
    },
    "done": true
  },
  "tfcastikorcarts:crafting/plow/sequoia": {
    "criteria": {
      "has_wheel": "2024-08-10 19:09:52 +0000"
    },
    "done": true
  },
  "tfcastikorcarts:crafting/plow/sloe": {
    "criteria": {
      "has_wheel": "2024-08-10 19:09:52 +0000"
    },
    "done": true
  },
  "tfcastikorcarts:crafting/plow/white_ipe": {
    "criteria": {
      "has_wheel": "2024-08-10 19:09:52 +0000"
    },
    "done": true
  },
  "mcwfences:recipes/bamboo": {
    "criteria": {
      "has_bamboo": "2024-08-10 19:09:52 +0000"
    },
    "done": true
  },
  "mcw_tfc_aio:recipes/palm": {
    "criteria": {
      "has_palm": "2024-08-10 19:09:52 +0000"
    },
    "done": true
  },
  "mcw_tfc_aio:recipes/spruce": {
    "criteria": {
      "has_spruce": "2024-08-10 19:09:52 +0000"
    },
    "done": true
  },
  "tfcastikorcarts:crafting/plow/yew": {
    "criteria": {
      "has_wheel": "2024-08-10 19:09:52 +0000"
    },
    "done": true
  },
  "mcw_tfc_aio:recipes/bricks": {
    "criteria": {
      "has_planks": "2024-08-10 19:09:52 +0000"
    },
    "done": true
  },
  "tfcastikorcarts:crafting/supply_cart/ebony": {
    "criteria": {
      "has_wheel": "2024-08-10 19:09:52 +0000"
    },
    "done": true
  },
  "tfcastikorcarts:crafting/plow/white_cherry_blossom": {
    "criteria": {
      "has_wheel": "2024-08-10 19:09:52 +0000"
    },
    "done": true
  },
  "tfcastikorcarts:crafting/animal_cart/maple": {
    "criteria": {
      "has_wheel": "2024-08-10 19:09:52 +0000"
    },
    "done": true
  },
  "tfcastikorcarts:crafting/animal_cart/douglas_fir": {
    "criteria": {
      "has_wheel": "2024-08-10 19:09:52 +0000"
    },
    "done": true
  },
  "tfcastikorcarts:crafting/animal_cart/purpleheart": {
    "criteria": {
      "has_wheel": "2024-08-10 19:09:52 +0000"
    },
    "done": true
  },
  "tfcastikorcarts:crafting/plow/joshua": {
    "criteria": {
      "has_wheel": "2024-08-10 19:09:52 +0000"
    },
    "done": true
  },
  "tfcastikorcarts:crafting/plow/mulberry": {
    "criteria": {
      "has_wheel": "2024-08-10 19:09:52 +0000"
    },
    "done": true
  },
  "tfcastikorcarts:crafting/supply_cart/buxus": {
    "criteria": {
      "has_wheel": "2024-08-10 19:09:52 +0000"
    },
    "done": true
  },
  "tfcastikorcarts:crafting/supply_cart/baobab": {
    "criteria": {
      "has_wheel": "2024-08-10 19:09:52 +0000"
    },
    "done": true
  },
  "mcwfences:recipes/spruce": {
    "criteria": {
      "has_spruce": "2024-08-10 19:09:52 +0000"
    },
    "done": true
  },
  "tfcastikorcarts:crafting/animal_cart/limba": {
    "criteria": {
      "has_wheel": "2024-08-10 19:09:52 +0000"
    },
    "done": true
  },
  "tfcastikorcarts:crafting/plow/mahoe": {
    "criteria": {
      "has_wheel": "2024-08-10 19:09:52 +0000"
    },
    "done": true
  },
  "mcw_tfc_aio:recipes/pine": {
    "criteria": {
      "has_pine": "2024-08-10 19:09:52 +0000"
    },
    "done": true
  },
  "tfcastikorcarts:crafting/supply_cart/ash": {
    "criteria": {
      "has_wheel": "2024-08-10 19:09:52 +0000"
    },
    "done": true
  },
  "tfcastikorcarts:crafting/supply_cart/aspen": {
    "criteria": {
      "has_wheel": "2024-08-10 19:09:52 +0000"
    },
    "done": true
  },
  "tfcastikorcarts:crafting/plow/common_oak": {
    "criteria": {
      "has_wheel": "2024-08-10 19:09:52 +0000"
    },
    "done": true
  },
  "tfcastikorcarts:crafting/plow/white_cedar": {
    "criteria": {
      "has_wheel": "2024-08-10 19:09:52 +0000"
    },
    "done": true
  },
  "tfcastikorcarts:crafting/plow/nordmann_fir": {
    "criteria": {
      "has_wheel": "2024-08-10 19:09:52 +0000"
    },
    "done": true
  },
  "tfcastikorcarts:crafting/animal_cart/walnut": {
    "criteria": {
      "has_wheel": "2024-08-10 19:09:52 +0000"
    },
    "done": true
  },
  "tfcastikorcarts:crafting/plow/willow": {
    "criteria": {
      "has_wheel": "2024-08-10 19:09:52 +0000"
    },
    "done": true
  },
  "tfcastikorcarts:crafting/animal_cart/blackwood": {
    "criteria": {
      "has_wheel": "2024-08-10 19:09:52 +0000"
    },
    "done": true
  },
  "tfcastikorcarts:crafting/plow/hemlock": {
    "criteria": {
      "has_wheel": "2024-08-10 19:09:52 +0000"
    },
    "done": true
  },
  "tfcastikorcarts:crafting/supply_cart/teak": {
    "criteria": {
      "has_wheel": "2024-08-10 19:09:52 +0000"
    },
    "done": true
  },
  "tfcastikorcarts:crafting/plow/red_elm": {
    "criteria": {
      "has_wheel": "2024-08-10 19:09:52 +0000"
    },
    "done": true
  },
  "tfcastikorcarts:crafting/plow/kauri": {
    "criteria": {
      "has_wheel": "2024-08-10 19:09:52 +0000"
    },
    "done": true
  },
  "tfcastikorcarts:crafting/animal_cart/beech": {
    "criteria": {
      "has_wheel": "2024-08-10 19:09:52 +0000"
    },
    "done": true
  },
  "tfcastikorcarts:crafting/supply_cart/red_elm": {
    "criteria": {
      "has_wheel": "2024-08-10 19:09:52 +0000"
    },
    "done": true
  },
  "tfcastikorcarts:crafting/plow/black_willow": {
    "criteria": {
      "has_wheel": "2024-08-10 19:09:52 +0000"
    },
    "done": true
  },
  "tfcastikorcarts:crafting/plow/marblewood": {
    "criteria": {
      "has_wheel": "2024-08-10 19:09:52 +0000"
    },
    "done": true
  },
  "tfcastikorcarts:crafting/supply_cart/rowan": {
    "criteria": {
      "has_wheel": "2024-08-10 19:09:52 +0000"
    },
    "done": true
  },
  "tfcastikorcarts:crafting/animal_cart/white_jacaranda": {
    "criteria": {
      "has_wheel": "2024-08-10 19:09:52 +0000"
    },
    "done": true
  },
  "tfcastikorcarts:crafting/supply_cart/hemlock": {
    "criteria": {
      "has_wheel": "2024-08-10 19:09:52 +0000"
    },
    "done": true
  },
  "tfcastikorcarts:crafting/animal_cart/kauri": {
    "criteria": {
      "has_wheel": "2024-08-10 19:09:52 +0000"
    },
    "done": true
  },
  "tfcastikorcarts:crafting/plow/juniper": {
    "criteria": {
      "has_wheel": "2024-08-10 19:09:52 +0000"
    },
    "done": true
  },
  "tfcastikorcarts:crafting/plow/ash": {
    "criteria": {
      "has_wheel": "2024-08-10 19:09:52 +0000"
    },
    "done": true
  },
  "tfcastikorcarts:crafting/supply_cart/rubber_fig": {
    "criteria": {
      "has_wheel": "2024-08-10 19:09:52 +0000"
    },
    "done": true
  },
  "tfcastikorcarts:crafting/animal_cart/yellow_ipe": {
    "criteria": {
      "has_wheel": "2024-08-10 19:09:52 +0000"
    },
    "done": true
  },
  "tfcastikorcarts:crafting/animal_cart/redwood": {
    "criteria": {
      "has_wheel": "2024-08-10 19:09:52 +0000"
    },
    "done": true
  },
  "tfcastikorcarts:crafting/plow/rubber_fig": {
    "criteria": {
      "has_wheel": "2024-08-10 19:09:52 +0000"
    },
    "done": true
  },
  "tfcastikorcarts:crafting/supply_cart/hazel": {
    "criteria": {
      "has_wheel": "2024-08-10 19:09:52 +0000"
    },
    "done": true
  },
  "mcw_tfc_aio:recipes/birch": {
    "criteria": {
      "has_birch": "2024-08-10 19:09:52 +0000"
    },
    "done": true
  },
  "tfcastikorcarts:crafting/animal_cart/rainbow_eucalyptus": {
    "criteria": {
      "has_wheel": "2024-08-10 19:09:52 +0000"
    },
    "done": true
  },
  "tfcastikorcarts:crafting/animal_cart/syzygium": {
    "criteria": {
      "has_wheel": "2024-08-10 19:09:52 +0000"
    },
    "done": true
  },
  "tfcastikorcarts:crafting/supply_cart/jabuticabeira": {
    "criteria": {
      "has_wheel": "2024-08-10 19:09:52 +0000"
    },
    "done": true
  },
  "tfcastikorcarts:crafting/supply_cart/snow_gum_eucalyptus": {
    "criteria": {
      "has_wheel": "2024-08-10 19:09:52 +0000"
    },
    "done": true
  },
  "tfcastikorcarts:crafting/animal_cart/mahoe": {
    "criteria": {
      "has_wheel": "2024-08-10 19:09:52 +0000"
    },
    "done": true
  },
  "tfcastikorcarts:crafting/plow/mangrove": {
    "criteria": {
      "has_wheel": "2024-08-10 19:09:52 +0000"
    },
    "done": true
  },
  "tfcastikorcarts:crafting/supply_cart/zebrawood": {
    "criteria": {
      "has_wheel": "2024-08-10 19:09:52 +0000"
    },
    "done": true
  },
  "tfcastikorcarts:crafting/supply_cart/yellow_jacaranda": {
    "criteria": {
      "has_wheel": "2024-08-10 19:09:52 +0000"
    },
    "done": true
  },
  "mcwfences:recipes/stone": {
    "criteria": {
      "has_stone": "2024-08-10 19:09:52 +0000"
    },
    "done": true
  },
  "mcw_tfc_aio:recipes/sycamore": {
    "criteria": {
      "has_sycamore": "2024-08-10 19:09:52 +0000"
    },
    "done": true
  },
  "tfcastikorcarts:crafting/plow/poplar": {
    "criteria": {
      "has_wheel": "2024-08-10 19:09:52 +0000"
    },
    "done": true
  },
  "tfcastikorcarts:crafting/supply_cart/limba": {
    "criteria": {
      "has_wheel": "2024-08-10 19:09:52 +0000"
    },
    "done": true
  },
  "tfcastikorcarts:crafting/plow/teak": {
    "criteria": {
      "has_wheel": "2024-08-10 19:09:52 +0000"
    },
    "done": true
  },
  "tfcastikorcarts:crafting/animal_cart/brazilwood": {
    "criteria": {
      "has_wheel": "2024-08-10 19:09:52 +0000"
    },
    "done": true
  },
  "tfcastikorcarts:crafting/plow/iroko": {
    "criteria": {
      "has_wheel": "2024-08-10 19:09:52 +0000"
    },
    "done": true
  },
  "tfcastikorcarts:crafting/plow/locust": {
    "criteria": {
      "has_wheel": "2024-08-10 19:09:52 +0000"
    },
    "done": true
  },
  "tfcastikorcarts:crafting/plow/holly": {
    "criteria": {
      "has_wheel": "2024-08-10 19:09:52 +0000"
    },
    "done": true
  },
  "tfcastikorcarts:crafting/supply_cart/hornbeam": {
    "criteria": {
      "has_wheel": "2024-08-10 19:09:52 +0000"
    },
    "done": true
  },
  "tfcastikorcarts:crafting/supply_cart/common_oak": {
    "criteria": {
      "has_wheel": "2024-08-10 19:09:52 +0000"
    },
    "done": true
  },
  "firmalife:story/root": {
    "criteria": {
      "in_game_condition": "2024-08-10 19:09:52 +0000"
    },
    "done": true
  },
  "tfcastikorcarts:crafting/animal_cart/messmate": {
    "criteria": {
      "has_wheel": "2024-08-10 19:09:52 +0000"
    },
    "done": true
  },
  "tfcastikorcarts:crafting/plow/pine": {
    "criteria": {
      "has_wheel": "2024-08-10 19:09:52 +0000"
    },
    "done": true
  },
  "tfcastikorcarts:crafting/supply_cart/maple": {
    "criteria": {
      "has_wheel": "2024-08-10 19:09:52 +0000"
    },
    "done": true
  },
  "tfcastikorcarts:crafting/supply_cart/ginkgo": {
    "criteria": {
      "has_wheel": "2024-08-10 19:09:52 +0000"
    },
    "done": true
  },
  "tfcastikorcarts:crafting/plow/ebony": {
    "criteria": {
      "has_wheel": "2024-08-10 19:09:52 +0000"
    },
    "done": true
  },
  "tfcastikorcarts:crafting/animal_cart/sycamore": {
    "criteria": {
      "has_wheel": "2024-08-10 19:09:52 +0000"
    },
    "done": true
  },
  "mcw_tfc_aio:recipes/awning": {
    "criteria": {
      "has_planks": "2024-08-10 19:09:52 +0000"
    },
    "done": true
  },
  "tfcastikorcarts:crafting/supply_cart/pink_ivory": {
    "criteria": {
      "has_wheel": "2024-08-10 19:09:52 +0000"
    },
    "done": true
  },
  "tfcastikorcarts:crafting/plow/mountain_ash": {
    "criteria": {
      "has_wheel": "2024-08-10 19:09:52 +0000"
    },
    "done": true
  },
  "tfcastikorcarts:crafting/plow/oak": {
    "criteria": {
      "has_wheel": "2024-08-10 19:09:52 +0000"
    },
    "done": true
  },
  "tfcastikorcarts:crafting/animal_cart/nordmann_fir": {
    "criteria": {
      "has_wheel": "2024-08-10 19:09:52 +0000"
    },
    "done": true
  },
  "tfcastikorcarts:crafting/plow/zebrawood": {
    "criteria": {
      "has_wheel": "2024-08-10 19:09:52 +0000"
    },
    "done": true
  },
  "tfcastikorcarts:crafting/animal_cart/yellow_jacaranda": {
    "criteria": {
      "has_wheel": "2024-08-10 19:09:52 +0000"
    },
    "done": true
  },
  "tfcastikorcarts:crafting/supply_cart/yellow_meranti": {
    "criteria": {
      "has_wheel": "2024-08-10 19:09:52 +0000"
    },
    "done": true
  },
  "tfcastikorcarts:crafting/plow/medlar": {
    "criteria": {
      "has_wheel": "2024-08-10 19:09:52 +0000"
    },
    "done": true
  },
  "mcwfences:recipes/oak": {
    "criteria": {
      "has_oak": "2024-08-10 19:09:52 +0000"
    },
    "done": true
  },
  "tfcastikorcarts:crafting/animal_cart/palm": {
    "criteria": {
      "has_wheel": "2024-08-10 19:09:52 +0000"
    },
    "done": true
  },
  "tfcastikorcarts:crafting/supply_cart/yellow_ipe": {
    "criteria": {
      "has_wheel": "2024-08-10 19:09:52 +0000"
    },
    "done": true
  },
  "tfcastikorcarts:crafting/supply_cart/norway_spruce": {
    "criteria": {
      "has_wheel": "2024-08-10 19:09:52 +0000"
    },
    "done": true
  },
  "tfcastikorcarts:crafting/animal_cart/pink_ipe": {
    "criteria": {
      "has_wheel": "2024-08-10 19:09:52 +0000"
    },
    "done": true
  },
  "tfcastikorcarts:crafting/supply_cart/cypress": {
    "criteria": {
      "has_wheel": "2024-08-10 19:09:52 +0000"
    },
    "done": true
  },
  "tfcastikorcarts:crafting/supply_cart/white_ipe": {
    "criteria": {
      "has_wheel": "2024-08-10 19:09:52 +0000"
    },
    "done": true
  },
  "tfcastikorcarts:crafting/plow/mahogany": {
    "criteria": {
      "has_wheel": "2024-08-10 19:09:52 +0000"
    },
    "done": true
  },
  "tfcastikorcarts:crafting/plow/bald_cypress": {
    "criteria": {
      "has_wheel": "2024-08-10 19:09:52 +0000"
    },
    "done": true
  },
  "mcw_tfc_aio:recipes/chestnut": {
    "criteria": {
      "has_chestnut": "2024-08-10 19:09:52 +0000"
    },
    "done": true
  },
  "mcwfences:recipes/mud_brick": {
    "criteria": {
      "has_qq": "2024-08-10 19:09:52 +0000"
    },
    "done": true
  },
  "mcw_tfc_aio:recipes/prismarine": {
    "criteria": {
      "has_qq": "2024-08-10 19:09:52 +0000"
    },
    "done": true
  },
  "tfcastikorcarts:crafting/plow/whitebeam": {
    "criteria": {
      "has_wheel": "2024-08-10 19:09:52 +0000"
    },
    "done": true
  },
  "tfcastikorcarts:crafting/plow/ghaf": {
    "criteria": {
      "has_wheel": "2024-08-10 19:09:52 +0000"
    },
    "done": true
  },
  "mcw_tfc_aio:recipes/nether": {
    "criteria": {
      "has_nether_brick": "2024-08-10 19:09:52 +0000"
    },
    "done": true
  },
  "mcwfences:recipes/blackstone": {
    "criteria": {
      "has_blackstone": "2024-08-10 19:09:52 +0000"
    },
    "done": true
  },
  "tfcastikorcarts:crafting/animal_cart/maclura": {
    "criteria": {
      "has_wheel": "2024-08-10 19:09:52 +0000"
    },
    "done": true
  },
  "tfcastikorcarts:crafting/supply_cart/chestnut": {
    "criteria": {
      "has_wheel": "2024-08-10 19:09:52 +0000"
    },
    "done": true
  },
  "tfcastikorcarts:crafting/animal_cart/purple_ipe": {
    "criteria": {
      "has_wheel": "2024-08-10 19:09:52 +0000"
    },
    "done": true
  },
  "mcwfences:recipes/hedge": {
    "criteria": {
      "has_birch": "2024-08-10 19:09:52 +0000"
    },
    "done": true
  },
  "tfcastikorcarts:crafting/animal_cart/white_elm": {
    "criteria": {
      "has_wheel": "2024-08-10 19:09:52 +0000"
    },
    "done": true
  },
  "tfcastikorcarts:crafting/supply_cart/red_cedar": {
    "criteria": {
      "has_wheel": "2024-08-10 19:09:52 +0000"
    },
    "done": true
  },
  "tfcastikorcarts:crafting/plow/persimmon": {
    "criteria": {
      "has_wheel": "2024-08-10 19:09:52 +0000"
    },
    "done": true
  },
  "tfcastikorcarts:crafting/supply_cart/acacia": {
    "criteria": {
      "has_wheel": "2024-08-10 19:09:52 +0000"
    },
    "done": true
  },
  "tfcastikorcarts:crafting/animal_cart/teak": {
    "criteria": {
      "has_wheel": "2024-08-10 19:09:52 +0000"
    },
    "done": true
  },
  "tfcastikorcarts:crafting/plow/pink_cherry_blossom": {
    "criteria": {
      "has_wheel": "2024-08-10 19:09:52 +0000"
    },
    "done": true
  },
  "tfcastikorcarts:crafting/plow/quince": {
    "criteria": {
      "has_wheel": "2024-08-10 19:09:52 +0000"
    },
    "done": true
  },
  "tfcastikorcarts:crafting/supply_cart/ironwood": {
    "criteria": {
      "has_wheel": "2024-08-10 19:09:52 +0000"
    },
    "done": true
  },
  "tfcastikorcarts:crafting/plow/cypress": {
    "criteria": {
      "has_wheel": "2024-08-10 19:09:52 +0000"
    },
    "done": true
  },
  "tfcastikorcarts:crafting/supply_cart/walnut": {
    "criteria": {
      "has_wheel": "2024-08-10 19:09:52 +0000"
    },
    "done": true
  },
  "tfcastikorcarts:crafting/plow/hickory": {
    "criteria": {
      "has_wheel": "2024-08-10 19:09:52 +0000"
    },
    "done": true
  },
  "tfcastikorcarts:crafting/supply_cart/purple_ipe": {
    "criteria": {
      "has_wheel": "2024-08-10 19:09:52 +0000"
    },
    "done": true
  },
  "tfcastikorcarts:crafting/supply_cart/white_cedar": {
    "criteria": {
      "has_wheel": "2024-08-10 19:09:52 +0000"
    },
    "done": true
  },
  "tfcastikorcarts:crafting/supply_cart/syzygium": {
    "criteria": {
      "has_wheel": "2024-08-10 19:09:52 +0000"
    },
    "done": true
  },
  "tfcastikorcarts:crafting/plow/greenheart": {
    "criteria": {
      "has_wheel": "2024-08-10 19:09:52 +0000"
    },
    "done": true
  },
  "tfcastikorcarts:crafting/animal_cart/hornbeam": {
    "criteria": {
      "has_wheel": "2024-08-10 19:09:52 +0000"
    },
    "done": true
  },
  "mcw_tfc_aio:recipes/douglas_fir": {
    "criteria": {
      "has_douglas_fir": "2024-08-10 19:09:52 +0000"
    },
    "done": true
  },
  "tfcastikorcarts:crafting/animal_cart/cypress": {
    "criteria": {
      "has_wheel": "2024-08-10 19:09:52 +0000"
    },
    "done": true
  },
  "mcwfences:recipes/deepslate": {
    "criteria": {
      "has_deepslate": "2024-08-10 19:09:52 +0000"
    },
    "done": true
  },
  "tfc:story/root": {
    "criteria": {
      "in_game_condition": "2024-08-10 19:09:52 +0000"
    },
    "done": true
  },
  "tfcastikorcarts:crafting/plow/white_jacaranda": {
    "criteria": {
      "has_wheel": "2024-08-10 19:09:52 +0000"
    },
    "done": true
  },
  "tfcastikorcarts:crafting/plow/purple_jacaranda": {
    "criteria": {
      "has_wheel": "2024-08-10 19:09:52 +0000"
    },
    "done": true
  },
  "tfcastikorcarts:crafting/animal_cart/african_padauk": {
    "criteria": {
      "has_wheel": "2024-08-10 19:09:52 +0000"
    },
    "done": true
  },
  "astikorcarts:recipes/animal_cart": {
    "criteria": {
      "has_wheel": "2024-08-10 19:09:52 +0000"
    },
    "done": true
  },
  "mcw_tfc_aio:recipes/mangrove": {
    "criteria": {
      "has_mangrove": "2024-08-10 19:09:52 +0000"
    },
    "done": true
  },
  "tfcastikorcarts:crafting/animal_cart/pear": {
    "criteria": {
      "has_wheel": "2024-08-10 19:09:52 +0000"
    },
    "done": true
  },
  "tfcastikorcarts:crafting/plow/black_walnut": {
    "criteria": {
      "has_wheel": "2024-08-10 19:09:52 +0000"
    },
    "done": true
  },
  "tfcastikorcarts:crafting/plow/kapok": {
    "criteria": {
      "has_wheel": "2024-08-10 19:09:52 +0000"
    },
    "done": true
  },
  "tfcastikorcarts:crafting/animal_cart/ash": {
    "criteria": {
      "has_wheel": "2024-08-10 19:09:52 +0000"
    },
    "done": true
  },
  "tfcastikorcarts:crafting/supply_cart/maclura": {
    "criteria": {
      "has_wheel": "2024-08-10 19:09:52 +0000"
    },
    "done": true
  },
  "tfcastikorcarts:crafting/animal_cart/joshua": {
    "criteria": {
      "has_wheel": "2024-08-10 19:09:52 +0000"
    },
    "done": true
  },
  "tfcastikorcarts:crafting/supply_cart/iroko": {
    "criteria": {
      "has_wheel": "2024-08-10 19:09:52 +0000"
    },
    "done": true
  },
  "tfcastikorcarts:crafting/animal_cart/whitebeam": {
    "criteria": {
      "has_wheel": "2024-08-10 19:09:52 +0000"
    },
    "done": true
  },
  "tfcastikorcarts:crafting/supply_cart/holly": {
    "criteria": {
      "has_wheel": "2024-08-10 19:09:52 +0000"
    },
    "done": true
  },
  "tfcastikorcarts:crafting/plow/african_padauk": {
    "criteria": {
      "has_wheel": "2024-08-10 19:09:52 +0000"
    },
    "done": true
  },
  "tfcastikorcarts:crafting/plow/rainbow_eucalyptus": {
    "criteria": {
      "has_wheel": "2024-08-10 19:09:52 +0000"
    },
    "done": true
  },
  "tfcastikorcarts:crafting/animal_cart/spruce": {
    "criteria": {
      "has_wheel": "2024-08-10 19:09:52 +0000"
    },
    "done": true
  },
  "tfcastikorcarts:crafting/animal_cart/yellow_meranti": {
    "criteria": {
      "has_wheel": "2024-08-10 19:09:52 +0000"
    },
    "done": true
  },
  "tfcastikorcarts:crafting/supply_cart/fever": {
    "criteria": {
      "has_wheel": "2024-08-10 19:09:52 +0000"
    },
    "done": true
  },
  "tfcastikorcarts:crafting/plow/redwood": {
    "criteria": {
      "has_wheel": "2024-08-10 19:09:52 +0000"
    },
    "done": true
  },
  "tfcastikorcarts:crafting/animal_cart/aspen": {
    "criteria": {
      "has_wheel": "2024-08-10 19:09:52 +0000"
    },
    "done": true
  },
  "tfcastikorcarts:crafting/animal_cart/mountain_ash": {
    "criteria": {
      "has_wheel": "2024-08-10 19:09:52 +0000"
    },
    "done": true
  },
  "tfcastikorcarts:crafting/plow/acacia": {
    "criteria": {
      "has_wheel": "2024-08-10 19:09:52 +0000"
    },
    "done": true
  },
  "tfcastikorcarts:crafting/animal_cart/mulberry": {
    "criteria": {
      "has_wheel": "2024-08-10 19:09:52 +0000"
    },
    "done": true
  },
  "tfcastikorcarts:crafting/plow/butternut": {
    "criteria": {
      "has_wheel": "2024-08-10 19:09:52 +0000"
    },
    "done": true
  },
  "tfcastikorcarts:crafting/plow/baobab": {
    "criteria": {
      "has_wheel": "2024-08-10 19:09:52 +0000"
    },
    "done": true
  },
  "tfcastikorcarts:crafting/supply_cart/mahogany": {
    "criteria": {
      "has_wheel": "2024-08-10 19:09:52 +0000"
    },
    "done": true
  },
  "mcw_tfc_aio:recipes/willow": {
    "criteria": {
      "has_willow": "2024-08-10 19:09:52 +0000"
    },
    "done": true
  },
  "tfcastikorcarts:crafting/animal_cart/wenge": {
    "criteria": {
      "has_wheel": "2024-08-10 19:09:52 +0000"
    },
    "done": true
  },
  "tfcastikorcarts:crafting/supply_cart/quince": {
    "criteria": {
      "has_wheel": "2024-08-10 19:09:52 +0000"
    },
    "done": true
  },
  "tfcastikorcarts:crafting/animal_cart/ebony": {
    "criteria": {
      "has_wheel": "2024-08-10 19:09:52 +0000"
    },
    "done": true
  },
  "mcw_tfc_aio:recipes/white_cedar": {
    "criteria": {
      "has_white_cedar": "2024-08-10 19:09:52 +0000"
    },
    "done": true
  },
  "tfcastikorcarts:crafting/animal_cart/logwood": {
    "criteria": {
      "has_wheel": "2024-08-10 19:09:52 +0000"
    },
    "done": true
  },
  "tfcastikorcarts:crafting/supply_cart/douglas_fir": {
    "criteria": {
      "has_wheel": "2024-08-10 19:09:52 +0000"
    },
    "done": true
  },
  "tfcastikorcarts:crafting/plow/argyle_eucalyptus": {
    "criteria": {
      "has_wheel": "2024-08-10 19:09:52 +0000"
    },
    "done": true
  },
  "tfcastikorcarts:crafting/animal_cart/sloe": {
    "criteria": {
      "has_wheel": "2024-08-10 19:09:52 +0000"
    },
    "done": true
  },
  "tfcastikorcarts:crafting/plow/maclura": {
    "criteria": {
      "has_wheel": "2024-08-10 19:09:52 +0000"
    },
    "done": true
  },
  "tfcastikorcarts:crafting/animal_cart/pink_ivory": {
    "criteria": {
      "has_wheel": "2024-08-10 19:09:52 +0000"
    },
    "done": true
  },
  "tfcastikorcarts:crafting/plow/red_cypress": {
    "criteria": {
      "has_wheel": "2024-08-10 19:09:52 +0000"
    },
    "done": true
  },
  "tfcastikorcarts:crafting/supply_cart/hawthorn": {
    "criteria": {
      "has_wheel": "2024-08-10 19:09:52 +0000"
    },
    "done": true
  },
  "tfcastikorcarts:crafting/plow/alder": {
    "criteria": {
      "has_wheel": "2024-08-10 19:09:52 +0000"
    },
    "done": true
  },
  "tfcastikorcarts:crafting/supply_cart/purple_jacaranda": {
    "criteria": {
      "has_wheel": "2024-08-10 19:09:52 +0000"
    },
    "done": true
  },
  "tfcastikorcarts:crafting/plow/yellow_meranti": {
    "criteria": {
      "has_wheel": "2024-08-10 19:09:52 +0000"
    },
    "done": true
  },
  "mcw_tfc_aio:recipes/terracotta": {
    "criteria": {
      "has_planks": "2024-08-10 19:09:52 +0000"
    },
    "done": true
  },
  "tfcastikorcarts:crafting/supply_cart/pink_cherry_blossom": {
    "criteria": {
      "has_wheel": "2024-08-10 19:09:52 +0000"
    },
    "done": true
  },
  "tfcastikorcarts:crafting/supply_cart/mountain_ash": {
    "criteria": {
      "has_wheel": "2024-08-10 19:09:52 +0000"
    },
    "done": true
  },
  "tfc:world/root": {
    "criteria": {
      "in_game_condition": "2024-08-10 19:09:52 +0000"
    },
    "done": true
  },
  "tfc:world/adventuring_time": {
    "criteria": {
      "rolling_hills": "2024-08-10 19:09:53 +0000",
      "inverted_badlands": "2024-08-10 20:07:39 +0000",
      "plateau_lake": "2024-08-10 20:05:21 +0000",
      "plateau": "2024-08-10 20:00:58 +0000",
      "old_mountains": "2024-08-10 19:17:25 +0000",
      "hills": "2024-08-10 20:23:07 +0000",
      "river": "2024-08-10 19:13:20 +0000",
      "lake": "2024-08-10 19:11:42 +0000",
      "canyons": "2024-08-10 19:15:37 +0000"
    },
    "done": false
  },
  "firmalife:crafting/spoon": {
    "criteria": {
      "has_item": "2024-08-10 19:10:26 +0000"
    },
    "done": true
  },
  "supplementaries:recipes/crank": {
    "criteria": {
      "forge:rods/wooden": "2024-08-10 19:10:26 +0000"
    },
    "done": true
  },
  "chiselsandbits:recipes/tools/magnifying_glass": {
    "criteria": {
      "has_s": "2024-08-10 19:10:26 +0000"
    },
    "done": true
  },
  "firmalife:crafting/peel": {
    "criteria": {
      "has_item": "2024-08-10 19:10:26 +0000"
    },
    "done": true
  },
  "supplementaries:recipes/daub_cross_brace": {
    "criteria": {
      "forge:rods/wooden": "2024-08-10 19:10:26 +0000"
    },
    "done": true
  },
  "chiselsandbits:recipes/tools/chisel_diamond": {
    "criteria": {
      "has_rod": "2024-08-10 19:10:26 +0000"
    },
    "done": true
  },
  "supplementaries:recipes/timber_frame": {
    "criteria": {
      "forge:rods/wooden": "2024-08-10 19:10:26 +0000"
    },
    "done": true
  },
  "supplementaries:recipes/slingshot": {
    "criteria": {
      "forge:rods/wooden": "2024-08-10 19:10:26 +0000"
    },
    "done": true
  },
  "supplementaries:recipes/timber_brace": {
    "criteria": {
      "forge:rods/wooden": "2024-08-10 19:10:26 +0000"
    },
    "done": true
  },
  "chiselsandbits:recipes/tools/chisel_gold": {
    "criteria": {
      "has_rod": "2024-08-10 19:10:26 +0000"
    },
    "done": true
  },
  "tfc:crafting/firestarter": {
    "criteria": {
      "has_item": "2024-08-10 19:10:26 +0000"
    },
    "done": true
  },
  "notreepunching:clay_tool": {
    "criteria": {
      "has_item": "2024-08-10 19:10:26 +0000"
    },
    "done": true
  },
  "supplementaries:recipes/timber_cross_brace": {
    "criteria": {
      "forge:rods/wooden": "2024-08-10 19:10:26 +0000"
    },
    "done": true
  },
  "supplementaries:recipes/faucet": {
    "criteria": {
      "forge:rods/wooden": "2024-08-10 19:10:26 +0000"
    },
    "done": true
  },
  "tfc:crafting/wood/stick_from_twigs": {
    "criteria": {
      "has_item": "2024-08-10 19:10:26 +0000"
    },
    "done": true
  },
  "supplementaries:recipes/daub_brace": {
    "criteria": {
      "forge:rods/wooden": "2024-08-10 19:10:26 +0000"
    },
    "done": true
  },
  "supplementaries:recipes/daub_frame": {
    "criteria": {
      "forge:rods/wooden": "2024-08-10 19:10:26 +0000"
    },
    "done": true
  },
  "chiselsandbits:recipes/tools/chisel_iron": {
    "criteria": {
      "has_rod": "2024-08-10 19:10:26 +0000"
    },
    "done": true
  },
  "tfc:crafting/stick_bunch": {
    "criteria": {
      "has_item": "2024-08-10 19:10:26 +0000"
    },
    "done": true
  },
  "chiselsandbits:recipes/tools/chisel_stone": {
    "criteria": {
      "has_rod": "2024-08-10 19:10:26 +0000"
    },
    "done": true
  },
  "minecraft:recipes/decorations/ladder": {
    "criteria": {
      "has_stick": "2024-08-10 19:10:31 +0000"
    },
    "done": true
  },
  "supplementaries:recipes/flags/flag_orange": {
    "criteria": {
      "has_stick": "2024-08-10 19:10:31 +0000"
    },
    "done": true
  },
  "supplementaries:recipes/flags/flag_magenta": {
    "criteria": {
      "has_stick": "2024-08-10 19:10:31 +0000"
    },
    "done": true
  },
  "minecraft:recipes/tools/wooden_axe": {
    "criteria": {
      "has_stick": "2024-08-10 19:10:31 +0000"
    },
    "done": true
  },
  "supplementaries:recipes/flags/flag_pink": {
    "criteria": {
      "has_stick": "2024-08-10 19:10:31 +0000"
    },
    "done": true
  },
  "minecraft:recipes/decorations/campfire": {
    "criteria": {
      "has_stick": "2024-08-10 19:10:31 +0000"
    },
    "done": true
  },
  "minecraft:recipes/tools/wooden_hoe": {
    "criteria": {
      "has_stick": "2024-08-10 19:10:31 +0000"
    },
    "done": true
  },
  "minecraft:recipes/tools/wooden_shovel": {
    "criteria": {
      "has_stick": "2024-08-10 19:10:31 +0000"
    },
    "done": true
  },
  "supplementaries:recipes/flags/flag_black": {
    "criteria": {
      "has_stick": "2024-08-10 19:10:31 +0000"
    },
    "done": true
  },
  "minecraft:recipes/combat/wooden_sword": {
    "criteria": {
      "has_stick": "2024-08-10 19:10:31 +0000"
    },
    "done": true
  },
  "supplementaries:recipes/flags/flag_green": {
    "criteria": {
      "has_stick": "2024-08-10 19:10:31 +0000"
    },
    "done": true
  },
  "supplementaries:recipes/flags/flag_purple": {
    "criteria": {
      "has_stick": "2024-08-10 19:10:31 +0000"
    },
    "done": true
  },
  "supplementaries:recipes/flags/flag_white": {
    "criteria": {
      "has_stick": "2024-08-10 19:10:31 +0000"
    },
    "done": true
  },
  "notreepunching:story/find_sticks": {
    "criteria": {
      "has_stick": "2024-08-10 19:10:31 +0000"
    },
    "done": true
  },
  "supplementaries:recipes/flags/flag_brown": {
    "criteria": {
      "has_stick": "2024-08-10 19:10:31 +0000"
    },
    "done": true
  },
  "supplementaries:recipes/flags/flag_gray": {
    "criteria": {
      "has_stick": "2024-08-10 19:10:31 +0000"
    },
    "done": true
  },
  "farmersdelight:recipes/combat/flint_knife": {
    "criteria": {
      "has_stick": "2024-08-10 19:10:31 +0000"
    },
    "done": true
  },
  "supplementaries:recipes/flags/flag_light_blue": {
    "criteria": {
      "has_stick": "2024-08-10 19:10:31 +0000"
    },
    "done": true
  },
  "supplementaries:recipes/flags/flag_blue": {
    "criteria": {
      "has_stick": "2024-08-10 19:10:31 +0000"
    },
    "done": true
  },
  "notreepunching:story/root": {
    "criteria": {
      "has_sticks": "2024-08-10 19:10:31 +0000"
    },
    "done": true
  },
  "minecraft:recipes/tools/wooden_pickaxe": {
    "criteria": {
      "has_stick": "2024-08-10 19:10:31 +0000"
    },
    "done": true
  },
  "supplementaries:recipes/flags/flag_cyan": {
    "criteria": {
      "has_stick": "2024-08-10 19:10:31 +0000"
    },
    "done": true
  },
  "supplementaries:recipes/flags/flag_yellow": {
    "criteria": {
      "has_stick": "2024-08-10 19:10:31 +0000"
    },
    "done": true
  },
  "supplementaries:recipes/flags/flag_light_gray": {
    "criteria": {
      "has_stick": "2024-08-10 19:10:31 +0000"
    },
    "done": true
  },
  "supplementaries:recipes/flags/flag_red": {
    "criteria": {
      "has_stick": "2024-08-10 19:10:31 +0000"
    },
    "done": true
  },
  "farmersdelight:recipes/decorations/cutting_board": {
    "criteria": {
      "has_stick": "2024-08-10 19:10:31 +0000"
    },
    "done": true
  },
  "supplementaries:recipes/flags/flag_lime": {
    "criteria": {
      "has_stick": "2024-08-10 19:10:31 +0000"
    },
    "done": true
  },
  "tfc:story/find_rock": {
    "criteria": {
      "rock_knapping": "2024-08-10 19:11:52 +0000"
    },
    "done": true
  },
  "tfc:crafting/rock/rhyolite_brick": {
    "criteria": {
      "has_item": "2024-08-10 19:11:52 +0000"
    },
    "done": true
  },
  "tfc:crafting/rock/rhyolite_loose_rocks_to_cobble": {
    "criteria": {
      "has_item": "2024-08-10 19:11:52 +0000"
    },
    "done": true
  },
  "tfc:crafting/rock/rhyolite_brick_from_mossy": {
    "criteria": {
      "has_item": "2024-08-10 19:11:52 +0000"
    },
    "done": true
  },
  "minecraft:recipes/transportation/cherry_boat": {
    "criteria": {
      "in_water": "2024-08-10 19:15:00 +0000"
    },
    "done": true
  },
  "minecraft:recipes/transportation/bamboo_raft": {
    "criteria": {
      "in_water": "2024-08-10 19:15:00 +0000"
    },
    "done": true
  },
  "minecraft:recipes/transportation/acacia_boat": {
    "criteria": {
      "in_water": "2024-08-10 19:15:00 +0000"
    },
    "done": true
  },
  "minecraft:recipes/transportation/jungle_boat": {
    "criteria": {
      "in_water": "2024-08-10 19:15:00 +0000"
    },
    "done": true
  },
  "minecraft:recipes/transportation/spruce_boat": {
    "criteria": {
      "in_water": "2024-08-10 19:15:00 +0000"
    },
    "done": true
  },
  "minecraft:recipes/transportation/birch_boat": {
    "criteria": {
      "in_water": "2024-08-10 19:15:00 +0000"
    },
    "done": true
  },
  "minecraft:recipes/transportation/oak_boat": {
    "criteria": {
      "in_water": "2024-08-10 19:15:00 +0000"
    },
    "done": true
  },
  "minecraft:recipes/transportation/mangrove_boat": {
    "criteria": {
      "in_water": "2024-08-10 19:15:00 +0000"
    },
    "done": true
  },
  "minecraft:recipes/transportation/dark_oak_boat": {
    "criteria": {
      "in_water": "2024-08-10 19:15:00 +0000"
    },
    "done": true
  },
  "tfc:crafting/soil/sandy_loam_mud_4": {
    "criteria": {
      "has_item": "2024-08-10 19:15:49 +0000"
    },
    "done": true
  },
  "tfc:crafting/soil/sandy_loam_mud_3": {
    "criteria": {
      "has_item": "2024-08-10 19:15:49 +0000"
    },
    "done": true
  },
  "tfc:crafting/soil/sandy_loam_mud_6": {
    "criteria": {
      "has_item": "2024-08-10 19:15:49 +0000"
    },
    "done": true
  },
  "tfc:crafting/soil/sandy_loam_mud_5": {
    "criteria": {
      "has_item": "2024-08-10 19:15:49 +0000"
    },
    "done": true
  },
  "tfc:crafting/soil/sandy_loam_mud_2": {
    "criteria": {
      "has_item": "2024-08-10 19:15:49 +0000"
    },
    "done": true
  },
  "tfc:crafting/soil/sandy_loam_mud_1": {
    "criteria": {
      "has_item": "2024-08-10 19:15:49 +0000"
    },
    "done": true
  },
  "tfc:crafting/soil/sandy_loam_mud_8": {
    "criteria": {
      "has_item": "2024-08-10 19:15:49 +0000"
    },
    "done": true
  },
  "tfc:crafting/soil/sandy_loam_mud_7": {
    "criteria": {
      "has_item": "2024-08-10 19:15:49 +0000"
    },
    "done": true
  },
  "tfc:stonecutting/rock/rhyolite_cobble_slab": {
    "criteria": {
      "has_item": "2024-08-10 19:16:38 +0000"
    },
    "done": true
  },
  "tfc:crafting/rock/rhyolite_cobble_slab": {
    "criteria": {
      "has_item": "2024-08-10 19:16:38 +0000"
    },
    "done": true
  },
  "tfc:crafting/rock/rhyolite_cobble_stairs": {
    "criteria": {
      "has_item": "2024-08-10 19:16:38 +0000"
    },
    "done": true
  },
  "tfc:stonecutting/rock/rhyolite_cobble_stairs": {
    "criteria": {
      "has_item": "2024-08-10 19:16:38 +0000"
    },
    "done": true
  },
  "tfc:stonecutting/rock/rhyolite_cobble_wall": {
    "criteria": {
      "has_item": "2024-08-10 19:16:38 +0000"
    },
    "done": true
  },
  "tfc:crafting/rock/rhyolite_cobble_wall": {
    "criteria": {
      "has_item": "2024-08-10 19:16:38 +0000"
    },
    "done": true
  },
  "tfc:crafting/rock/rhyolite_cobble_to_loose_rocks": {
    "criteria": {
      "has_item": "2024-08-10 19:16:38 +0000"
    },
    "done": true
  },
  "tfc:crafting/rock/claystone_loose_rocks_to_cobble": {
    "criteria": {
      "has_item": "2024-08-10 19:17:38 +0000"
    },
    "done": true
  },
  "tfc:crafting/rock/claystone_brick": {
    "criteria": {
      "has_item": "2024-08-10 19:17:38 +0000"
    },
    "done": true
  },
  "tfc:crafting/rock/claystone_brick_from_mossy": {
    "criteria": {
      "has_item": "2024-08-10 19:17:38 +0000"
    },
    "done": true
  },
  "tfc:world/nugget": {
    "criteria": {
      "nuggets": "2024-08-10 19:19:03 +0000"
    },
    "done": true
  },
  "minecraft:adventure/root": {
    "criteria": {
      "killed_something": "2024-08-10 19:24:33 +0000"
    },
    "done": true
  },
  "tfc:world/hunter": {
    "criteria": {
      "special_condition": "2024-08-10 19:24:33 +0000"
    },
    "done": true
  },
  "tfc:crafting/bone_needle": {
    "criteria": {
      "has_item": "2024-08-10 19:24:37 +0000"
    },
    "done": true
  },
  "minecraft:recipes/misc/bone_meal": {
    "criteria": {
      "has_bone": "2024-08-10 19:24:37 +0000"
    },
    "done": true
  },
  "farmersdelight:recipes/cooking/bone_broth": {
    "criteria": {
      "has_bone": "2024-08-10 19:24:37 +0000"
    },
    "done": true
  },
  "tfc:crafting/aggregate": {
    "criteria": {
      "has_item": "2024-08-10 19:30:49 +0000"
    },
    "done": true
  },
  "tfc:crafting/rock/claystone_cobble_slab": {
    "criteria": {
      "has_item": "2024-08-10 19:34:49 +0000"
    },
    "done": true
  },
  "tfc:stonecutting/rock/claystone_cobble_stairs": {
    "criteria": {
      "has_item": "2024-08-10 19:34:49 +0000"
    },
    "done": true
  },
  "tfc:stonecutting/rock/claystone_cobble_wall": {
    "criteria": {
      "has_item": "2024-08-10 19:34:49 +0000"
    },
    "done": true
  },
  "tfc:crafting/rock/claystone_cobble_stairs": {
    "criteria": {
      "has_item": "2024-08-10 19:34:49 +0000"
    },
    "done": true
  },
  "tfc:crafting/rock/claystone_cobble_to_loose_rocks": {
    "criteria": {
      "has_item": "2024-08-10 19:34:49 +0000"
    },
    "done": true
  },
  "tfc:crafting/rock/claystone_cobble_wall": {
    "criteria": {
      "has_item": "2024-08-10 19:34:49 +0000"
    },
    "done": true
  },
  "tfc:stonecutting/rock/claystone_cobble_slab": {
    "criteria": {
      "has_item": "2024-08-10 19:34:49 +0000"
    },
    "done": true
  },
  "minecraft:husbandry/root": {
    "criteria": {
      "consumed_item": "2024-08-10 19:39:54 +0000"
    },
    "done": true
  },
  "tfc:story/firestarter": {
    "criteria": {
      "firestarter": "2024-08-10 19:40:49 +0000"
    },
    "done": true
  },
  "supplementaries:recipes/feather_block": {
    "criteria": {
      "has_feather": "2024-08-10 19:42:19 +0000"
    },
    "done": true
  },
  "minecraft:recipes/combat/arrow": {
    "criteria": {
      "has_feather": "2024-08-10 19:42:19 +0000"
    },
    "done": true
  },
  "chiselsandbits:recipes/tools/quill": {
    "criteria": {
      "has_tag_a": "2024-08-10 19:42:19 +0000"
    },
    "done": true
  },
  "farmersdelight:recipes/cooking/dog_food": {
    "criteria": {
      "has_any_ingredient": "2024-08-10 19:46:37 +0000"
    },
    "done": true
  },
  "farmersdelight:recipes/building_blocks/organic_compost_from_rotten_flesh": {
    "criteria": {
      "has_rotten_flesh": "2024-08-10 19:46:37 +0000"
    },
    "done": true
  },
  "tfc:world/iron": {
    "criteria": {
      "magnetite": "2024-08-10 19:46:46 +0000",
      "hematite": "2024-08-10 20:03:49 +0000"
    },
    "done": false
  },
  "tfc:crafting/vanilla/compass": {
    "criteria": {
      "has_item": "2024-08-10 19:46:46 +0000"
    },
    "done": true
  },
  "notreepunching:sticks_from_logs_with_saw": {
    "criteria": {
      "has_item": "2024-08-10 20:16:53 +0000"
    },
    "done": true
  },
  "minecraft:recipes/decorations/fletching_table": {
    "criteria": {
      "has_flint": "2024-08-10 20:29:39 +0000"
    },
    "done": true
  },
  "tfc:crafting/flux": {
    "criteria": {
      "has_item": "2024-08-10 20:11:33 +0000"
    },
    "done": true
  },
  "tfc:crafting/vanilla/orange_dye_from_native_copper": {
    "criteria": {
      "has_item": "2024-08-10 20:26:09 +0000"
    },
    "done": true
  },
  "firmalife:crafting/wood/ash_keg": {
    "criteria": {
      "has_item": "2024-08-10 20:16:53 +0000"
    },
    "done": true
  },
  "supplementaries:recipes/flint_block": {
    "criteria": {
      "has_flint": "2024-08-10 20:29:39 +0000"
    },
    "done": true
  },
  "firmalife:story/rennet": {
    "criteria": {
      "rennet": "2024-08-10 20:00:48 +0000"
    },
    "done": true
  },
  "notreepunching:story/find_gravel": {
    "criteria": {
      "has_flint": "2024-08-10 20:29:39 +0000"
    },
    "done": true
  },
  "tfc:crafting/rock/chalk_brick_from_mossy": {
    "criteria": {
      "has_item": "2024-08-10 20:11:33 +0000"
    },
    "done": true
  },
  "tfc:crafting/stone/javelin_igneous_extrusive": {
    "criteria": {
      "has_item": "2024-08-10 20:02:25 +0000"
    },
    "done": true
  },
  "chiselsandbits:recipes/tools/bit_storage": {
    "criteria": {
      "has_l": "2024-08-10 20:16:53 +0000"
    },
    "done": true
  },
  "tfc:crafting/wattle": {
    "criteria": {
      "has_item": "2024-08-10 20:16:53 +0000"
    },
    "done": true
  },
  "tfc:crafting/stone/shovel_igneous_extrusive": {
    "criteria": {
      "has_item": "2024-08-10 20:21:03 +0000"
    },
    "done": true
  },
  "tfc:crafting/rock/chalk_brick": {
    "criteria": {
      "has_item": "2024-08-10 20:11:33 +0000"
    },
    "done": true
  },
  "tfc:crafting/soil/loam_mud_7": {
    "criteria": {
      "has_item": "2024-08-10 20:09:19 +0000"
    },
    "done": true
  },
  "tfc:crafting/soil/loam_mud_8": {
    "criteria": {
      "has_item": "2024-08-10 20:09:19 +0000"
    },
    "done": true
  },
  "tfc:crafting/soil/loam_mud_5": {
    "criteria": {
      "has_item": "2024-08-10 20:09:19 +0000"
    },
    "done": true
  },
  "tfc:crafting/soil/loam_mud_6": {
    "criteria": {
      "has_item": "2024-08-10 20:09:19 +0000"
    },
    "done": true
  },
  "tfc:crafting/soil/loam_mud_3": {
    "criteria": {
      "has_item": "2024-08-10 20:09:19 +0000"
    },
    "done": true
  },
  "tfc:crafting/soil/loam_mud_4": {
    "criteria": {
      "has_item": "2024-08-10 20:09:19 +0000"
    },
    "done": true
  },
  "tfc:crafting/soil/loam_mud_1": {
    "criteria": {
      "has_item": "2024-08-10 20:09:19 +0000"
    },
    "done": true
  },
  "tfc:crafting/soil/loam_mud_2": {
    "criteria": {
      "has_item": "2024-08-10 20:09:19 +0000"
    },
    "done": true
  },
  "chiselsandbits:recipes/tools/chiseled_printer": {
    "criteria": {
      "has_l": "2024-08-10 20:16:53 +0000"
    },
    "done": true
  },
  "tfc:crafting/add_powder_to_blowpipe": {
    "criteria": {
      "has_item": "2024-08-10 20:26:09 +0000"
    },
    "done": true
  },
  "tfc:crafting/rock/chalk_loose_rocks_to_cobble": {
    "criteria": {
      "has_item": "2024-08-10 20:11:33 +0000"
    },
    "done": true
  },
  "chiselsandbits:recipes/tools/modification_table": {
    "criteria": {
      "has_b": "2024-08-10 20:16:53 +0000"
    },
    "done": true
  },
  "notreepunching:story/find_flint": {
    "criteria": {
      "has_flint": "2024-08-10 20:29:39 +0000"
    },
    "done": true
  },
  "tfc:world/pan": {
    "criteria": {
      "pan/empty": "2024-08-10 20:25:20 +0000"
    },
    "done": true
  },
  "firmalife:crafting/wood/ash_wine_shelf": {
    "criteria": {
      "has_item": "2024-08-10 20:16:53 +0000"
    },
    "done": true
  },
  "tfc:story/logging": {
    "criteria": {
      "logs": "2024-08-10 20:16:53 +0000"
    },
    "done": true
  },
  "tfc:crafting/wood/ash_wood": {
    "criteria": {
      "has_item": "2024-08-10 20:16:53 +0000"
    },
    "done": true
  },
  "tfc:crafting/stone/axe_igneous_extrusive": {
    "criteria": {
      "has_item": "2024-08-10 19:58:36 +0000"
    },
    "done": true
  },
  "minecraft:recipes/tools/flint_and_steel": {
    "criteria": {
      "has_flint": "2024-08-10 20:29:39 +0000"
    },
    "done": true
  },
  "tfc:story/stone_age": {
    "criteria": {
      "stone_tools": "2024-08-10 19:58:36 +0000"
    },
    "done": true
  },
  "notreepunching:sticks_from_logs_with_flint_axe": {
    "criteria": {
      "has_item": "2024-08-10 20:16:53 +0000"
    },
    "done": true
  },
  "tfc:crafting/wood/ash_lumber_log": {
    "criteria": {
      "has_item": "2024-08-10 20:16:53 +0000"
    },
    "done": true
  },
  "DataVersion": 3465
}