{
  "mcw_tfc_aio:recipes/hedge": {
    "criteria": {
      "has_birch": "2024-08-10 15:53:54 +0000"
    },
    "done": true
  },
  "tfcastikorcarts:crafting/animal_cart/hawthorn": {
    "criteria": {
      "has_wheel": "2024-08-10 15:53:54 +0000"
    },
    "done": true
  },
  "tfcastikorcarts:crafting/animal_cart/iroko": {
    "criteria": {
      "has_wheel": "2024-08-10 15:53:54 +0000"
    },
    "done": true
  },
  "tfcastikorcarts:crafting/supply_cart/angelim": {
    "criteria": {
      "has_wheel": "2024-08-10 15:53:54 +0000"
    },
    "done": true
  },
  "tfcastikorcarts:crafting/plow/walnut": {
    "criteria": {
      "has_wheel": "2024-08-10 15:53:54 +0000"
    },
    "done": true
  },
  "tfcastikorcarts:crafting/animal_cart/quince": {
    "criteria": {
      "has_wheel": "2024-08-10 15:53:54 +0000"
    },
    "done": true
  },
  "tfcastikorcarts:crafting/animal_cart/baobab": {
    "criteria": {
      "has_wheel": "2024-08-10 15:53:54 +0000"
    },
    "done": true
  },
  "tfcastikorcarts:crafting/animal_cart/yew": {
    "criteria": {
      "has_wheel": "2024-08-10 15:53:54 +0000"
    },
    "done": true
  },
  "notreepunching:sticks_from_logs_with_saw": {
    "criteria": {
      "has_item": "2024-08-10 16:10:50 +0000"
    },
    "done": true
  },
  "tfcastikorcarts:crafting/supply_cart/joshua": {
    "criteria": {
      "has_wheel": "2024-08-10 15:53:54 +0000"
    },
    "done": true
  },
  "tfcastikorcarts:crafting/wheel/yew": {
    "criteria": {
      "has_planks": "2024-08-10 16:10:57 +0000"
    },
    "done": true
  },
  "tfcastikorcarts:crafting/wheel/ebony": {
    "criteria": {
      "has_planks": "2024-08-10 16:10:57 +0000"
    },
    "done": true
  },
  "tfcastikorcarts:crafting/plow/logwood": {
    "criteria": {
      "has_wheel": "2024-08-10 15:53:54 +0000"
    },
    "done": true
  },
  "tfc:crafting/wood/douglas_fir_wood": {
    "criteria": {
      "has_item": "2024-08-10 16:10:52 +0000"
    },
    "done": true
  },
  "tfcastikorcarts:crafting/animal_cart/rosewood": {
    "criteria": {
      "has_wheel": "2024-08-10 15:53:54 +0000"
    },
    "done": true
  },
  "tfcastikorcarts:crafting/supply_cart/larch": {
    "criteria": {
      "has_wheel": "2024-08-10 15:53:54 +0000"
    },
    "done": true
  },
  "tfcastikorcarts:crafting/animal_cart/alder": {
    "criteria": {
      "has_wheel": "2024-08-10 15:53:54 +0000"
    },
    "done": true
  },
  "tfcastikorcarts:crafting/animal_cart/medlar": {
    "criteria": {
      "has_wheel": "2024-08-10 15:53:54 +0000"
    },
    "done": true
  },
  "tfcastikorcarts:crafting/plow/sycamore": {
    "criteria": {
      "has_wheel": "2024-08-10 15:53:54 +0000"
    },
    "done": true
  },
  "tfcastikorcarts:crafting/plow/birch": {
    "criteria": {
      "has_wheel": "2024-08-10 15:53:54 +0000"
    },
    "done": true
  },
  "tfcastikorcarts:crafting/plow/red_mangrove": {
    "criteria": {
      "has_wheel": "2024-08-10 15:53:54 +0000"
    },
    "done": true
  },
  "tfcastikorcarts:crafting/animal_cart/rubber_fig": {
    "criteria": {
      "has_wheel": "2024-08-10 15:53:54 +0000"
    },
    "done": true
  },
  "tfcastikorcarts:crafting/wheel/blackwood": {
    "criteria": {
      "has_planks": "2024-08-10 16:10:57 +0000"
    },
    "done": true
  },
  "mcw_tfc_aio:recipes/blackstone": {
    "criteria": {
      "has_blackstone": "2024-08-10 15:53:54 +0000"
    },
    "done": true
  },
  "tfcastikorcarts:crafting/animal_cart/hickory": {
    "criteria": {
      "has_wheel": "2024-08-10 15:53:54 +0000"
    },
    "done": true
  },
  "firmalife:crafting/wheat_slice": {
    "criteria": {
      "has_item": "2024-08-10 16:13:22 +0000"
    },
    "done": true
  },
  "tfcastikorcarts:crafting/wheel/spruce": {
    "criteria": {
      "has_planks": "2024-08-10 16:10:57 +0000"
    },
    "done": true
  },
  "tfcastikorcarts:crafting/plow/pear": {
    "criteria": {
      "has_wheel": "2024-08-10 15:53:54 +0000"
    },
    "done": true
  },
  "tfcastikorcarts:crafting/supply_cart/cocobolo": {
    "criteria": {
      "has_wheel": "2024-08-10 15:53:54 +0000"
    },
    "done": true
  },
  "tfcastikorcarts:crafting/wheel/buxus": {
    "criteria": {
      "has_planks": "2024-08-10 16:10:57 +0000"
    },
    "done": true
  },
  "tfcastikorcarts:crafting/plow/white_mangrove": {
    "criteria": {
      "has_wheel": "2024-08-10 15:53:54 +0000"
    },
    "done": true
  },
  "tfc:crafting/wood/douglas_fir_workbench": {
    "criteria": {
      "has_item": "2024-08-10 16:10:57 +0000"
    },
    "done": true
  },
  "tfcastikorcarts:crafting/animal_cart/greenheart": {
    "criteria": {
      "has_wheel": "2024-08-10 15:53:54 +0000"
    },
    "done": true
  },
  "tfcastikorcarts:crafting/supply_cart/greenheart": {
    "criteria": {
      "has_wheel": "2024-08-10 15:53:54 +0000"
    },
    "done": true
  },
  "tfcastikorcarts:crafting/animal_cart/red_elm": {
    "criteria": {
      "has_wheel": "2024-08-10 15:53:54 +0000"
    },
    "done": true
  },
  "tfcastikorcarts:crafting/animal_cart/acacia": {
    "criteria": {
      "has_wheel": "2024-08-10 15:53:54 +0000"
    },
    "done": true
  },
  "tfcastikorcarts:crafting/supply_cart/spruce": {
    "criteria": {
      "has_wheel": "2024-08-10 15:53:54 +0000"
    },
    "done": true
  },
  "tfcastikorcarts:crafting/supply_cart/white_mangrove": {
    "criteria": {
      "has_wheel": "2024-08-10 15:53:54 +0000"
    },
    "done": true
  },
  "tfcastikorcarts:crafting/wheel/aspen": {
    "criteria": {
      "has_planks": "2024-08-10 16:10:57 +0000"
    },
    "done": true
  },
  "mcwfences:recipes/dark_oak": {
    "criteria": {
      "has_dark_oak": "2024-08-10 15:53:54 +0000"
    },
    "done": true
  },
  "tfcastikorcarts:crafting/animal_cart/holly": {
    "criteria": {
      "has_wheel": "2024-08-10 15:53:54 +0000"
    },
    "done": true
  },
  "tfcastikorcarts:crafting/supply_cart/sequoia": {
    "criteria": {
      "has_wheel": "2024-08-10 15:53:54 +0000"
    },
    "done": true
  },
  "tfcastikorcarts:crafting/wheel/yellow_ipe": {
    "criteria": {
      "has_planks": "2024-08-10 16:10:57 +0000"
    },
    "done": true
  },
  "tfcastikorcarts:crafting/animal_cart/hemlock": {
    "criteria": {
      "has_wheel": "2024-08-10 15:53:54 +0000"
    },
    "done": true
  },
  "butcher:firstjoinadvancement": {
    "criteria": {
      "firstjoinadvancement_0": "2024-08-10 15:53:54 +0000"
    },
    "done": true
  },
  "tfcastikorcarts:crafting/animal_cart/red_cypress": {
    "criteria": {
      "has_wheel": "2024-08-10 15:53:54 +0000"
    },
    "done": true
  },
  "tfc:crafting/wood/douglas_fir_lumber_log": {
    "criteria": {
      "has_item": "2024-08-10 16:10:52 +0000"
    },
    "done": true
  },
  "tfcastikorcarts:crafting/wheel/willow": {
    "criteria": {
      "has_planks": "2024-08-10 16:10:57 +0000"
    },
    "done": true
  },
  "tfcastikorcarts:crafting/animal_cart/ironwood": {
    "criteria": {
      "has_wheel": "2024-08-10 15:53:54 +0000"
    },
    "done": true
  },
  "tfcastikorcarts:crafting/supply_cart/yew": {
    "criteria": {
      "has_wheel": "2024-08-10 15:53:54 +0000"
    },
    "done": true
  },
  "tfcastikorcarts:crafting/animal_cart/red_cedar": {
    "criteria": {
      "has_wheel": "2024-08-10 15:53:54 +0000"
    },
    "done": true
  },
  "tfcastikorcarts:crafting/plow/beech": {
    "criteria": {
      "has_wheel": "2024-08-10 15:53:54 +0000"
    },
    "done": true
  },
  "tfcastikorcarts:crafting/animal_cart/norway_spruce": {
    "criteria": {
      "has_wheel": "2024-08-10 15:53:54 +0000"
    },
    "done": true
  },
  "tfcastikorcarts:crafting/animal_cart/mahogany": {
    "criteria": {
      "has_wheel": "2024-08-10 15:53:54 +0000"
    },
    "done": true
  },
  "tfcastikorcarts:crafting/wheel/maclura": {
    "criteria": {
      "has_planks": "2024-08-10 16:10:57 +0000"
    },
    "done": true
  },
  "mcwfences:recipes/crimson": {
    "criteria": {
      "has_crimson": "2024-08-10 15:53:54 +0000"
    },
    "done": true
  },
  "mcwfences:recipes/prismarine": {
    "criteria": {
      "has_qq": "2024-08-10 15:53:54 +0000"
    },
    "done": true
  },
  "mcwfences:recipes/quartz": {
    "criteria": {
      "has_qq": "2024-08-10 15:53:54 +0000"
    },
    "done": true
  },
  "tfcastikorcarts:crafting/wheel/logwood": {
    "criteria": {
      "has_planks": "2024-08-10 16:10:57 +0000"
    },
    "done": true
  },
  "tfcastikorcarts:crafting/animal_cart/sorb": {
    "criteria": {
      "has_wheel": "2024-08-10 15:53:54 +0000"
    },
    "done": true
  },
  "notreepunching:sticks_from_planks_with_saw": {
    "criteria": {
      "has_item": "2024-08-10 16:10:57 +0000"
    },
    "done": true
  },
  "tfcastikorcarts:crafting/animal_cart/argyle_eucalyptus": {
    "criteria": {
      "has_wheel": "2024-08-10 15:53:54 +0000"
    },
    "done": true
  },
  "supplementaries:recipes/lock_block": {
    "criteria": {
      "minecraft:planks": "2024-08-10 16:10:57 +0000"
    },
    "done": true
  },
  "mcw_tfc_aio:recipes/end": {
    "criteria": {
      "has_end_brick": "2024-08-10 15:53:54 +0000"
    },
    "done": true
  },
  "tfcastikorcarts:crafting/wheel/joshua": {
    "criteria": {
      "has_planks": "2024-08-10 16:10:57 +0000"
    },
    "done": true
  },
  "tfcastikorcarts:crafting/wheel/iroko": {
    "criteria": {
      "has_planks": "2024-08-10 16:10:57 +0000"
    },
    "done": true
  },
  "mcw_tfc_aio:recipes/kapok": {
    "criteria": {
      "has_kapok": "2024-08-10 15:53:54 +0000"
    },
    "done": true
  },
  "tfcastikorcarts:crafting/supply_cart/kapok": {
    "criteria": {
      "has_wheel": "2024-08-10 15:53:54 +0000"
    },
    "done": true
  },
  "mcw_tfc_aio:recipes/acacia": {
    "criteria": {
      "has_acacia": "2024-08-10 15:53:54 +0000"
    },
    "done": true
  },
  "tfcastikorcarts:crafting/supply_cart/blackwood": {
    "criteria": {
      "has_wheel": "2024-08-10 15:53:54 +0000"
    },
    "done": true
  },
  "tfcastikorcarts:crafting/plow/pink_ipe": {
    "criteria": {
      "has_wheel": "2024-08-10 15:53:54 +0000"
    },
    "done": true
  },
  "tfcastikorcarts:crafting/wheel/holly": {
    "criteria": {
      "has_planks": "2024-08-10 16:10:57 +0000"
    },
    "done": true
  },
  "tfcastikorcarts:crafting/animal_cart/snow_gum_eucalyptus": {
    "criteria": {
      "has_wheel": "2024-08-10 15:53:54 +0000"
    },
    "done": true
  },
  "tfcastikorcarts:crafting/supply_cart/rainbow_eucalyptus": {
    "criteria": {
      "has_wheel": "2024-08-10 15:53:54 +0000"
    },
    "done": true
  },
  "tfcastikorcarts:crafting/animal_cart/persimmon": {
    "criteria": {
      "has_wheel": "2024-08-10 15:53:54 +0000"
    },
    "done": true
  },
  "minecraft:recipes/transportation/spruce_chest_boat": {
    "criteria": {
      "has_boat": "2024-08-10 16:00:57 +0000"
    },
    "done": true
  },
  "tfcastikorcarts:crafting/wheel/purpleheart": {
    "criteria": {
      "has_planks": "2024-08-10 16:10:57 +0000"
    },
    "done": true
  },
  "tfcastikorcarts:crafting/supply_cart/white_cherry_blossom": {
    "criteria": {
      "has_wheel": "2024-08-10 15:53:54 +0000"
    },
    "done": true
  },
  "tfcastikorcarts:crafting/animal_cart/locust": {
    "criteria": {
      "has_wheel": "2024-08-10 15:53:54 +0000"
    },
    "done": true
  },
  "tfcastikorcarts:crafting/animal_cart/pink_cherry_blossom": {
    "criteria": {
      "has_wheel": "2024-08-10 15:53:54 +0000"
    },
    "done": true
  },
  "tfcastikorcarts:crafting/wheel/pink_ivory": {
    "criteria": {
      "has_planks": "2024-08-10 16:10:57 +0000"
    },
    "done": true
  },
  "tfcastikorcarts:crafting/plow/messmate": {
    "criteria": {
      "has_wheel": "2024-08-10 15:53:54 +0000"
    },
    "done": true
  },
  "tfcastikorcarts:crafting/plow/chestnut": {
    "criteria": {
      "has_wheel": "2024-08-10 15:53:54 +0000"
    },
    "done": true
  },
  "mcw_tfc_aio:recipes/sandstone": {
    "criteria": {
      "has_sand": "2024-08-10 15:53:54 +0000"
    },
    "done": true
  },
  "tfcastikorcarts:crafting/wheel/pink_cherry_blossom": {
    "criteria": {
      "has_planks": "2024-08-10 16:10:57 +0000"
    },
    "done": true
  },
  "tfcastikorcarts:crafting/animal_cart/ginkgo": {
    "criteria": {
      "has_wheel": "2024-08-10 15:53:54 +0000"
    },
    "done": true
  },
  "tfcastikorcarts:crafting/supply_cart/willow": {
    "criteria": {
      "has_wheel": "2024-08-10 15:53:54 +0000"
    },
    "done": true
  },
  "tfcastikorcarts:crafting/supply_cart/pine": {
    "criteria": {
      "has_wheel": "2024-08-10 15:53:54 +0000"
    },
    "done": true
  },
  "tfcastikorcarts:crafting/supply_cart/mangrove": {
    "criteria": {
      "has_wheel": "2024-08-10 15:53:54 +0000"
    },
    "done": true
  },
  "tfcastikorcarts:crafting/animal_cart/marblewood": {
    "criteria": {
      "has_wheel": "2024-08-10 15:53:54 +0000"
    },
    "done": true
  },
  "tfcastikorcarts:crafting/animal_cart/sequoia": {
    "criteria": {
      "has_wheel": "2024-08-10 15:53:54 +0000"
    },
    "done": true
  },
  "tfcastikorcarts:crafting/supply_cart/red_cypress": {
    "criteria": {
      "has_wheel": "2024-08-10 15:53:54 +0000"
    },
    "done": true
  },
  "minecraft:recipes/decorations/crafting_table": {
    "criteria": {
      "unlock_right_away": "2024-08-10 15:53:55 +0000"
    },
    "done": true
  },
  "tfcastikorcarts:crafting/plow/sorb": {
    "criteria": {
      "has_wheel": "2024-08-10 15:53:54 +0000"
    },
    "done": true
  },
  "minecraft:recipes/decorations/chest": {
    "criteria": {
      "has_lots_of_items": "2024-08-10 16:06:55 +0000"
    },
    "done": true
  },
  "minecraft:recipes/misc/stick": {
    "criteria": {
      "has_planks": "2024-08-10 16:10:57 +0000"
    },
    "done": true
  },
  "mcwfences:recipes/jungle": {
    "criteria": {
      "has_jungle": "2024-08-10 15:53:54 +0000"
    },
    "done": true
  },
  "tfcastikorcarts:crafting/animal_cart/angelim": {
    "criteria": {
      "has_wheel": "2024-08-10 15:53:54 +0000"
    },
    "done": true
  },
  "minecraft:recipes/transportation/jungle_chest_boat": {
    "criteria": {
      "has_boat": "2024-08-10 16:00:57 +0000"
    },
    "done": true
  },
  "tfcastikorcarts:crafting/plow/fever": {
    "criteria": {
      "has_wheel": "2024-08-10 15:53:54 +0000"
    },
    "done": true
  },
  "mcw_tfc_aio:recipes/thatch": {
    "criteria": {
      "has_planks": "2024-08-10 15:53:54 +0000"
    },
    "done": true
  },
  "minecraft:recipes/transportation/cherry_boat": {
    "criteria": {
      "in_water": "2024-08-10 16:00:36 +0000"
    },
    "done": true
  },
  "tfcastikorcarts:crafting/supply_cart/black_willow": {
    "criteria": {
      "has_wheel": "2024-08-10 15:53:54 +0000"
    },
    "done": true
  },
  "minecraft:recipes/redstone/lightning_rod": {
    "criteria": {
      "has_copper_ingot": "2024-08-10 16:08:23 +0000"
    },
    "done": true
  },
  "tfcastikorcarts:crafting/plow/rowan": {
    "criteria": {
      "has_wheel": "2024-08-10 15:53:54 +0000"
    },
    "done": true
  },
  "tfcastikorcarts:crafting/supply_cart/bald_cypress": {
    "criteria": {
      "has_wheel": "2024-08-10 15:53:54 +0000"
    },
    "done": true
  },
  "astikorcarts:recipes/supply_cart": {
    "criteria": {
      "has_wheel": "2024-08-10 15:53:54 +0000"
    },
    "done": true
  },
  "tfcastikorcarts:crafting/wheel/nordmann_fir": {
    "criteria": {
      "has_planks": "2024-08-10 16:10:57 +0000"
    },
    "done": true
  },
  "mcw_tfc_aio:recipes/rosewood": {
    "criteria": {
      "has_rosewood": "2024-08-10 15:53:54 +0000"
    },
    "done": true
  },
  "tfcastikorcarts:crafting/plow/norway_spruce": {
    "criteria": {
      "has_wheel": "2024-08-10 15:53:54 +0000"
    },
    "done": true
  },
  "tfcastikorcarts:crafting/animal_cart/poplar": {
    "criteria": {
      "has_wheel": "2024-08-10 15:53:54 +0000"
    },
    "done": true
  },
  "tfcastikorcarts:crafting/supply_cart/hickory": {
    "criteria": {
      "has_wheel": "2024-08-10 15:53:54 +0000"
    },
    "done": true
  },
  "mcwfences:recipes/mangrove": {
    "criteria": {
      "has_mangrove": "2024-08-10 15:53:54 +0000"
    },
    "done": true
  },
  "mcwfences:recipes/warped": {
    "criteria": {
      "has_warped": "2024-08-10 15:53:54 +0000"
    },
    "done": true
  },
  "supplementaries:recipes/decorations/tfc/sign_post_douglas_fir": {
    "criteria": {
      "has_planks": "2024-08-10 16:10:57 +0000"
    },
    "done": true
  },
  "tfcastikorcarts:crafting/supply_cart/white_elm": {
    "criteria": {
      "has_wheel": "2024-08-10 15:53:54 +0000"
    },
    "done": true
  },
  "supplementaries:recipes/cog_block": {
    "criteria": {
      "has_copper_ingot": "2024-08-10 16:08:23 +0000"
    },
    "done": true
  },
  "minecraft:recipes/transportation/mangrove_chest_boat": {
    "criteria": {
      "has_boat": "2024-08-10 16:00:57 +0000"
    },
    "done": true
  },
  "mcw_tfc_aio:recipes/deepslate": {
    "criteria": {
      "has_deepslate": "2024-08-10 15:53:54 +0000"
    },
    "done": true
  },
  "tfcastikorcarts:crafting/wheel/black_willow": {
    "criteria": {
      "has_planks": "2024-08-10 16:10:57 +0000"
    },
    "done": true
  },
  "tfcastikorcarts:crafting/wheel/redwood": {
    "criteria": {
      "has_planks": "2024-08-10 16:10:57 +0000"
    },
    "done": true
  },
  "minecraft:recipes/transportation/bamboo_raft": {
    "criteria": {
      "in_water": "2024-08-10 16:00:36 +0000"
    },
    "done": true
  },
  "tfcastikorcarts:crafting/animal_cart/black_walnut": {
    "criteria": {
      "has_wheel": "2024-08-10 15:53:54 +0000"
    },
    "done": true
  },
  "firmaciv:crafting/watercraft_frame_angled_from_flat": {
    "criteria": {
      "has_item": "2024-08-10 16:10:32 +0000"
    },
    "done": true
  },
  "firmalife:story/rennet": {
    "criteria": {
      "rennet": "2024-08-10 16:12:27 +0000"
    },
    "done": true
  },
  "tfcastikorcarts:crafting/wheel/argyle_eucalyptus": {
    "criteria": {
      "has_planks": "2024-08-10 16:10:57 +0000"
    },
    "done": true
  },
  "tfcastikorcarts:crafting/animal_cart/juniper": {
    "criteria": {
      "has_wheel": "2024-08-10 15:53:54 +0000"
    },
    "done": true
  },
  "tfcastikorcarts:crafting/wheel/pear": {
    "criteria": {
      "has_planks": "2024-08-10 16:10:57 +0000"
    },
    "done": true
  },
  "tfcastikorcarts:crafting/wheel/mulberry": {
    "criteria": {
      "has_planks": "2024-08-10 16:10:57 +0000"
    },
    "done": true
  },
  "tfc:world/familiarity": {
    "criteria": {
      "special_condition": "2024-08-10 16:14:23 +0000"
    },
    "done": true
  },
  "tfcastikorcarts:crafting/supply_cart/rosewood": {
    "criteria": {
      "has_wheel": "2024-08-10 15:53:54 +0000"
    },
    "done": true
  },
  "mcw_tfc_aio:recipes/hickory": {
    "criteria": {
      "has_hickory": "2024-08-10 15:53:54 +0000"
    },
    "done": true
  },
  "tfcastikorcarts:crafting/plow/purple_ipe": {
    "criteria": {
      "has_wheel": "2024-08-10 15:53:54 +0000"
    },
    "done": true
  },
  "tfcastikorcarts:crafting/plow/blackwood": {
    "criteria": {
      "has_wheel": "2024-08-10 15:53:54 +0000"
    },
    "done": true
  },
  "tfcastikorcarts:crafting/wheel/poplar": {
    "criteria": {
      "has_planks": "2024-08-10 16:10:57 +0000"
    },
    "done": true
  },
  "tfcastikorcarts:crafting/animal_cart/oak": {
    "criteria": {
      "has_wheel": "2024-08-10 15:53:54 +0000"
    },
    "done": true
  },
  "tfcastikorcarts:crafting/wheel/yellow_meranti": {
    "criteria": {
      "has_planks": "2024-08-10 16:10:57 +0000"
    },
    "done": true
  },
  "minecraft:recipes/transportation/oak_chest_boat": {
    "criteria": {
      "has_boat": "2024-08-10 16:00:57 +0000"
    },
    "done": true
  },
  "mcwfences:recipes/nether": {
    "criteria": {
      "has_nether_brick": "2024-08-10 15:53:54 +0000"
    },
    "done": true
  },
  "tfcastikorcarts:crafting/wheel/african_padauk": {
    "criteria": {
      "has_planks": "2024-08-10 16:10:57 +0000"
    },
    "done": true
  },
  "tfcastikorcarts:crafting/supply_cart/wenge": {
    "criteria": {
      "has_wheel": "2024-08-10 15:53:54 +0000"
    },
    "done": true
  },
  "tfcastikorcarts:crafting/animal_cart/white_ipe": {
    "criteria": {
      "has_wheel": "2024-08-10 15:53:54 +0000"
    },
    "done": true
  },
  "mcw_tfc_aio:recipes/stone": {
    "criteria": {
      "has_stone": "2024-08-10 15:53:54 +0000"
    },
    "done": true
  },
  "mcw_tfc_aio:recipes/oak": {
    "criteria": {
      "has_oak": "2024-08-10 15:53:54 +0000"
    },
    "done": true
  },
  "tfcastikorcarts:crafting/plow/douglas_fir": {
    "criteria": {
      "has_wheel": "2024-08-10 15:53:54 +0000"
    },
    "done": true
  },
  "tfcastikorcarts:crafting/supply_cart/birch": {
    "criteria": {
      "has_wheel": "2024-08-10 15:53:54 +0000"
    },
    "done": true
  },
  "supplementaries:recipes/wrench": {
    "criteria": {
      "has_copper_ingot": "2024-08-10 16:08:23 +0000"
    },
    "done": true
  },
  "mcw_tfc_aio:recipes/gutters": {
    "criteria": {
      "has_planks": "2024-08-10 15:53:54 +0000"
    },
    "done": true
  },
  "tfcastikorcarts:crafting/supply_cart/pink_ipe": {
    "criteria": {
      "has_wheel": "2024-08-10 15:53:54 +0000"
    },
    "done": true
  },
  "tfcastikorcarts:crafting/wheel/sycamore": {
    "criteria": {
      "has_planks": "2024-08-10 16:10:57 +0000"
    },
    "done": true
  },
  "tfcastikorcarts:crafting/animal_cart/cocobolo": {
    "criteria": {
      "has_wheel": "2024-08-10 15:53:54 +0000"
    },
    "done": true
  },
  "tfcastikorcarts:crafting/wheel/red_mangrove": {
    "criteria": {
      "has_planks": "2024-08-10 16:10:57 +0000"
    },
    "done": true
  },
  "tfcastikorcarts:crafting/plow/larch": {
    "criteria": {
      "has_wheel": "2024-08-10 15:53:54 +0000"
    },
    "done": true
  },
  "supplementaries:recipes/feather_block": {
    "criteria": {
      "has_feather": "2024-08-10 16:14:28 +0000"
    },
    "done": true
  },
  "minecraft:recipes/building_blocks/copper_block": {
    "criteria": {
      "has_copper_ingot": "2024-08-10 16:08:23 +0000"
    },
    "done": true
  },
  "tfcastikorcarts:crafting/plow/hazel": {
    "criteria": {
      "has_wheel": "2024-08-10 15:53:54 +0000"
    },
    "done": true
  },
  "tfcastikorcarts:crafting/plow/sequoia": {
    "criteria": {
      "has_wheel": "2024-08-10 15:53:54 +0000"
    },
    "done": true
  },
  "tfcastikorcarts:crafting/plow/sloe": {
    "criteria": {
      "has_wheel": "2024-08-10 15:53:54 +0000"
    },
    "done": true
  },
  "tfcastikorcarts:crafting/wheel/norway_spruce": {
    "criteria": {
      "has_planks": "2024-08-10 16:10:57 +0000"
    },
    "done": true
  },
  "tfcastikorcarts:crafting/plow/white_ipe": {
    "criteria": {
      "has_wheel": "2024-08-10 15:53:54 +0000"
    },
    "done": true
  },
  "mcwfences:recipes/bamboo": {
    "criteria": {
      "has_bamboo": "2024-08-10 15:53:54 +0000"
    },
    "done": true
  },
  "tfcastikorcarts:crafting/supply_cart/locust": {
    "criteria": {
      "has_wheel": "2024-08-10 15:53:54 +0000"
    },
    "done": true
  },
  "mcw_tfc_aio:recipes/palm": {
    "criteria": {
      "has_palm": "2024-08-10 15:53:54 +0000"
    },
    "done": true
  },
  "tfcastikorcarts:crafting/plow/maple": {
    "criteria": {
      "has_wheel": "2024-08-10 15:53:54 +0000"
    },
    "done": true
  },
  "mcw_tfc_aio:recipes/spruce": {
    "criteria": {
      "has_spruce": "2024-08-10 15:53:54 +0000"
    },
    "done": true
  },
  "tfcastikorcarts:crafting/plow/yew": {
    "criteria": {
      "has_wheel": "2024-08-10 15:53:54 +0000"
    },
    "done": true
  },
  "tfcastikorcarts:crafting/supply_cart/whitebeam": {
    "criteria": {
      "has_wheel": "2024-08-10 15:53:54 +0000"
    },
    "done": true
  },
  "tfcastikorcarts:crafting/plow/ginkgo": {
    "criteria": {
      "has_wheel": "2024-08-10 15:53:54 +0000"
    },
    "done": true
  },
  "chiselsandbits:recipes/tools/bit_storage": {
    "criteria": {
      "has_l": "2024-08-10 16:10:50 +0000"
    },
    "done": true
  },
  "minecraft:recipes/tools/brush": {
    "criteria": {
      "has_copper_ingot": "2024-08-10 16:08:23 +0000"
    },
    "done": true
  },
  "tfcastikorcarts:crafting/wheel/cypress": {
    "criteria": {
      "has_planks": "2024-08-10 16:10:57 +0000"
    },
    "done": true
  },
  "firmaciv:crafting/uncraft_douglas_fir_roofing": {
    "criteria": {
      "has_item": "2024-08-10 16:10:38 +0000"
    },
    "done": true
  },
  "mcw_tfc_aio:recipes/bricks": {
    "criteria": {
      "has_planks": "2024-08-10 15:53:54 +0000"
    },
    "done": true
  },
  "tfcastikorcarts:crafting/wheel/quince": {
    "criteria": {
      "has_planks": "2024-08-10 16:10:57 +0000"
    },
    "done": true
  },
  "tfcastikorcarts:crafting/supply_cart/ebony": {
    "criteria": {
      "has_wheel": "2024-08-10 15:53:54 +0000"
    },
    "done": true
  },
  "astikorcarts:recipes/plow": {
    "criteria": {
      "has_wheel": "2024-08-10 15:53:54 +0000"
    },
    "done": true
  },
  "minecraft:recipes/transportation/bamboo_chest_raft": {
    "criteria": {
      "has_boat": "2024-08-10 16:00:57 +0000"
    },
    "done": true
  },
  "tfcastikorcarts:crafting/plow/white_cherry_blossom": {
    "criteria": {
      "has_wheel": "2024-08-10 15:53:54 +0000"
    },
    "done": true
  },
  "tfcastikorcarts:crafting/wheel/mahogany": {
    "criteria": {
      "has_planks": "2024-08-10 16:10:57 +0000"
    },
    "done": true
  },
  "tfcastikorcarts:crafting/animal_cart/maple": {
    "criteria": {
      "has_wheel": "2024-08-10 15:53:54 +0000"
    },
    "done": true
  },
  "tfcastikorcarts:crafting/plow/cocobolo": {
    "criteria": {
      "has_wheel": "2024-08-10 15:53:54 +0000"
    },
    "done": true
  },
  "tfc:crafting/wood/douglas_fir_stairs": {
    "criteria": {
      "has_item": "2024-08-10 16:10:57 +0000"
    },
    "done": true
  },
  "tfcastikorcarts:crafting/animal_cart/jabuticabeira": {
    "criteria": {
      "has_wheel": "2024-08-10 15:53:54 +0000"
    },
    "done": true
  },
  "tfc:crafting/wheat_sandwich": {
    "criteria": {
      "has_item": "2024-08-10 16:13:22 +0000"
    },
    "done": true
  },
  "mcw_tfc_aio:recipes/sequoia": {
    "criteria": {
      "has_sequoia": "2024-08-10 15:53:54 +0000"
    },
    "done": true
  },
  "tfcastikorcarts:crafting/animal_cart/douglas_fir": {
    "criteria": {
      "has_wheel": "2024-08-10 15:53:54 +0000"
    },
    "done": true
  },
  "tfcastikorcarts:crafting/animal_cart/purpleheart": {
    "criteria": {
      "has_wheel": "2024-08-10 15:53:54 +0000"
    },
    "done": true
  },
  "tfcastikorcarts:crafting/wheel/larch": {
    "criteria": {
      "has_planks": "2024-08-10 16:10:57 +0000"
    },
    "done": true
  },
  "astikorcarts:recipes/wheel": {
    "criteria": {
      "has_planks": "2024-08-10 16:10:57 +0000"
    },
    "done": true
  },
  "tfcastikorcarts:crafting/plow/joshua": {
    "criteria": {
      "has_wheel": "2024-08-10 15:53:54 +0000"
    },
    "done": true
  },
  "tfcastikorcarts:crafting/wheel/hazel": {
    "criteria": {
      "has_planks": "2024-08-10 16:10:57 +0000"
    },
    "done": true
  },
  "tfcastikorcarts:crafting/supply_cart/logwood": {
    "criteria": {
      "has_wheel": "2024-08-10 15:53:54 +0000"
    },
    "done": true
  },
  "tfcastikorcarts:crafting/wheel/messmate": {
    "criteria": {
      "has_planks": "2024-08-10 16:10:57 +0000"
    },
    "done": true
  },
  "tfcastikorcarts:crafting/plow/mulberry": {
    "criteria": {
      "has_wheel": "2024-08-10 15:53:54 +0000"
    },
    "done": true
  },
  "tfcastikorcarts:crafting/supply_cart/buxus": {
    "criteria": {
      "has_wheel": "2024-08-10 15:53:54 +0000"
    },
    "done": true
  },
  "tfcastikorcarts:crafting/plow/yellow_jacaranda": {
    "criteria": {
      "has_wheel": "2024-08-10 15:53:54 +0000"
    },
    "done": true
  },
  "tfcastikorcarts:crafting/wheel/oak": {
    "criteria": {
      "has_planks": "2024-08-10 16:10:57 +0000"
    },
    "done": true
  },
  "tfcastikorcarts:crafting/supply_cart/baobab": {
    "criteria": {
      "has_wheel": "2024-08-10 15:53:54 +0000"
    },
    "done": true
  },
  "mcwfences:recipes/spruce": {
    "criteria": {
      "has_spruce": "2024-08-10 15:53:54 +0000"
    },
    "done": true
  },
  "tfcastikorcarts:crafting/plow/hornbeam": {
    "criteria": {
      "has_wheel": "2024-08-10 15:53:54 +0000"
    },
    "done": true
  },
  "tfcastikorcarts:crafting/animal_cart/limba": {
    "criteria": {
      "has_wheel": "2024-08-10 15:53:54 +0000"
    },
    "done": true
  },
  "tfc:crafting/wattle": {
    "criteria": {
      "has_item": "2024-08-10 16:10:50 +0000"
    },
    "done": true
  },
  "tfcastikorcarts:crafting/wheel/mountain_ash": {
    "criteria": {
      "has_planks": "2024-08-10 16:10:57 +0000"
    },
    "done": true
  },
  "tfcastikorcarts:crafting/plow/mahoe": {
    "criteria": {
      "has_wheel": "2024-08-10 15:53:54 +0000"
    },
    "done": true
  },
  "mcw_tfc_aio:recipes/pine": {
    "criteria": {
      "has_pine": "2024-08-10 15:53:54 +0000"
    },
    "done": true
  },
  "tfcastikorcarts:crafting/supply_cart/ash": {
    "criteria": {
      "has_wheel": "2024-08-10 15:53:54 +0000"
    },
    "done": true
  },
  "tfcastikorcarts:crafting/supply_cart/aspen": {
    "criteria": {
      "has_wheel": "2024-08-10 15:53:54 +0000"
    },
    "done": true
  },
  "tfcastikorcarts:crafting/wheel/white_jacaranda": {
    "criteria": {
      "has_planks": "2024-08-10 16:10:57 +0000"
    },
    "done": true
  },
  "tfcastikorcarts:crafting/wheel/baobab": {
    "criteria": {
      "has_planks": "2024-08-10 16:10:57 +0000"
    },
    "done": true
  },
  "tfcastikorcarts:crafting/plow/common_oak": {
    "criteria": {
      "has_wheel": "2024-08-10 15:53:54 +0000"
    },
    "done": true
  },
  "tfcastikorcarts:crafting/wheel/angelim": {
    "criteria": {
      "has_planks": "2024-08-10 16:10:57 +0000"
    },
    "done": true
  },
  "tfcastikorcarts:crafting/plow/white_cedar": {
    "criteria": {
      "has_wheel": "2024-08-10 15:53:54 +0000"
    },
    "done": true
  },
  "tfcastikorcarts:crafting/wheel/white_elm": {
    "criteria": {
      "has_planks": "2024-08-10 16:10:57 +0000"
    },
    "done": true
  },
  "tfcastikorcarts:crafting/wheel/sorb": {
    "criteria": {
      "has_planks": "2024-08-10 16:10:57 +0000"
    },
    "done": true
  },
  "tfcastikorcarts:crafting/wheel/kapok": {
    "criteria": {
      "has_planks": "2024-08-10 16:10:57 +0000"
    },
    "done": true
  },
  "tfcastikorcarts:crafting/wheel/yellow_jacaranda": {
    "criteria": {
      "has_planks": "2024-08-10 16:10:57 +0000"
    },
    "done": true
  },
  "supplementaries:recipes/turn_table": {
    "criteria": {
      "has_copper_ingot": "2024-08-10 16:08:23 +0000"
    },
    "done": true
  },
  "tfcastikorcarts:crafting/wheel/cocobolo": {
    "criteria": {
      "has_planks": "2024-08-10 16:10:57 +0000"
    },
    "done": true
  },
  "tfcastikorcarts:crafting/wheel/mangrove": {
    "criteria": {
      "has_planks": "2024-08-10 16:10:57 +0000"
    },
    "done": true
  },
  "tfcastikorcarts:crafting/plow/nordmann_fir": {
    "criteria": {
      "has_wheel": "2024-08-10 15:53:54 +0000"
    },
    "done": true
  },
  "tfcastikorcarts:crafting/animal_cart/laurel": {
    "criteria": {
      "has_wheel": "2024-08-10 15:53:54 +0000"
    },
    "done": true
  },
  "tfcastikorcarts:crafting/wheel/ironwood": {
    "criteria": {
      "has_planks": "2024-08-10 16:10:57 +0000"
    },
    "done": true
  },
  "tfcastikorcarts:crafting/animal_cart/walnut": {
    "criteria": {
      "has_wheel": "2024-08-10 15:53:54 +0000"
    },
    "done": true
  },
  "mcw_tfc_aio:recipes/quartz": {
    "criteria": {
      "has_qq": "2024-08-10 15:53:54 +0000"
    },
    "done": true
  },
  "tfcastikorcarts:crafting/plow/willow": {
    "criteria": {
      "has_wheel": "2024-08-10 15:53:54 +0000"
    },
    "done": true
  },
  "tfcastikorcarts:crafting/animal_cart/blackwood": {
    "criteria": {
      "has_wheel": "2024-08-10 15:53:54 +0000"
    },
    "done": true
  },
  "minecraft:recipes/transportation/acacia_boat": {
    "criteria": {
      "in_water": "2024-08-10 16:00:36 +0000"
    },
    "done": true
  },
  "minecraft:adventure/root": {
    "criteria": {
      "killed_something": "2024-08-10 16:12:24 +0000"
    },
    "done": true
  },
  "tfcastikorcarts:crafting/plow/hemlock": {
    "criteria": {
      "has_wheel": "2024-08-10 15:53:54 +0000"
    },
    "done": true
  },
  "supplementaries:recipes/clock_block": {
    "criteria": {
      "minecraft:planks": "2024-08-10 16:10:57 +0000"
    },
    "done": true
  },
  "tfcastikorcarts:crafting/plow/pink_ivory": {
    "criteria": {
      "has_wheel": "2024-08-10 15:53:54 +0000"
    },
    "done": true
  },
  "tfcastikorcarts:crafting/supply_cart/teak": {
    "criteria": {
      "has_wheel": "2024-08-10 15:53:54 +0000"
    },
    "done": true
  },
  "tfcastikorcarts:crafting/plow/red_elm": {
    "criteria": {
      "has_wheel": "2024-08-10 15:53:54 +0000"
    },
    "done": true
  },
  "tfcastikorcarts:crafting/wheel/laurel": {
    "criteria": {
      "has_planks": "2024-08-10 16:10:57 +0000"
    },
    "done": true
  },
  "tfcastikorcarts:crafting/supply_cart/palm": {
    "criteria": {
      "has_wheel": "2024-08-10 15:53:54 +0000"
    },
    "done": true
  },
  "tfcastikorcarts:crafting/plow/kauri": {
    "criteria": {
      "has_wheel": "2024-08-10 15:53:54 +0000"
    },
    "done": true
  },
  "tfcastikorcarts:crafting/animal_cart/beech": {
    "criteria": {
      "has_wheel": "2024-08-10 15:53:54 +0000"
    },
    "done": true
  },
  "tfcastikorcarts:crafting/wheel/alder": {
    "criteria": {
      "has_planks": "2024-08-10 16:10:57 +0000"
    },
    "done": true
  },
  "tfc:crafting/wood/douglas_fir_boat": {
    "criteria": {
      "has_item": "2024-08-10 16:10:57 +0000"
    },
    "done": true
  },
  "tfcastikorcarts:crafting/supply_cart/red_elm": {
    "criteria": {
      "has_wheel": "2024-08-10 15:53:54 +0000"
    },
    "done": true
  },
  "tfc:crafting/wood/douglas_fir_button": {
    "criteria": {
      "has_item": "2024-08-10 16:10:57 +0000"
    },
    "done": true
  },
  "tfcastikorcarts:crafting/plow/black_willow": {
    "criteria": {
      "has_wheel": "2024-08-10 15:53:54 +0000"
    },
    "done": true
  },
  "minecraft:recipes/decorations/barrel": {
    "criteria": {
      "has_planks": "2024-08-10 16:10:57 +0000"
    },
    "done": true
  },
  "tfcastikorcarts:crafting/wheel/bald_cypress": {
    "criteria": {
      "has_planks": "2024-08-10 16:10:57 +0000"
    },
    "done": true
  },
  "tfcastikorcarts:crafting/plow/marblewood": {
    "criteria": {
      "has_wheel": "2024-08-10 15:53:54 +0000"
    },
    "done": true
  },
  "tfcastikorcarts:crafting/supply_cart/rowan": {
    "criteria": {
      "has_wheel": "2024-08-10 15:53:54 +0000"
    },
    "done": true
  },
  "tfcastikorcarts:crafting/animal_cart/white_jacaranda": {
    "criteria": {
      "has_wheel": "2024-08-10 15:53:54 +0000"
    },
    "done": true
  },
  "tfcastikorcarts:crafting/wheel/red_cedar": {
    "criteria": {
      "has_planks": "2024-08-10 16:10:57 +0000"
    },
    "done": true
  },
  "tfcastikorcarts:crafting/supply_cart/juniper": {
    "criteria": {
      "has_wheel": "2024-08-10 15:53:54 +0000"
    },
    "done": true
  },
  "tfcastikorcarts:crafting/supply_cart/medlar": {
    "criteria": {
      "has_wheel": "2024-08-10 15:53:54 +0000"
    },
    "done": true
  },
  "tfcastikorcarts:crafting/supply_cart/hemlock": {
    "criteria": {
      "has_wheel": "2024-08-10 15:53:54 +0000"
    },
    "done": true
  },
  "tfcastikorcarts:crafting/animal_cart/kauri": {
    "criteria": {
      "has_wheel": "2024-08-10 15:53:54 +0000"
    },
    "done": true
  },
  "tfcastikorcarts:crafting/animal_cart/red_mangrove": {
    "criteria": {
      "has_wheel": "2024-08-10 15:53:54 +0000"
    },
    "done": true
  },
  "tfcastikorcarts:crafting/plow/juniper": {
    "criteria": {
      "has_wheel": "2024-08-10 15:53:54 +0000"
    },
    "done": true
  },
  "chiselsandbits:recipes/tools/chiseled_printer": {
    "criteria": {
      "has_l": "2024-08-10 16:10:50 +0000"
    },
    "done": true
  },
  "tfcastikorcarts:crafting/supply_cart/ghaf": {
    "criteria": {
      "has_wheel": "2024-08-10 15:53:54 +0000"
    },
    "done": true
  },
  "tfcastikorcarts:crafting/plow/ash": {
    "criteria": {
      "has_wheel": "2024-08-10 15:53:54 +0000"
    },
    "done": true
  },
  "tfcastikorcarts:crafting/supply_cart/rubber_fig": {
    "criteria": {
      "has_wheel": "2024-08-10 15:53:54 +0000"
    },
    "done": true
  },
  "tfcastikorcarts:crafting/supply_cart/mulberry": {
    "criteria": {
      "has_wheel": "2024-08-10 15:53:54 +0000"
    },
    "done": true
  },
  "tfcastikorcarts:crafting/animal_cart/yellow_ipe": {
    "criteria": {
      "has_wheel": "2024-08-10 15:53:54 +0000"
    },
    "done": true
  },
  "tfcastikorcarts:crafting/animal_cart/redwood": {
    "criteria": {
      "has_wheel": "2024-08-10 15:53:54 +0000"
    },
    "done": true
  },
  "tfcastikorcarts:crafting/wheel/rosewood": {
    "criteria": {
      "has_planks": "2024-08-10 16:10:57 +0000"
    },
    "done": true
  },
  "tfcastikorcarts:crafting/plow/rubber_fig": {
    "criteria": {
      "has_wheel": "2024-08-10 15:53:54 +0000"
    },
    "done": true
  },
  "tfcastikorcarts:crafting/wheel/pink_ipe": {
    "criteria": {
      "has_planks": "2024-08-10 16:10:57 +0000"
    },
    "done": true
  },
  "tfcastikorcarts:crafting/wheel/persimmon": {
    "criteria": {
      "has_planks": "2024-08-10 16:10:57 +0000"
    },
    "done": true
  },
  "tfcastikorcarts:crafting/supply_cart/hazel": {
    "criteria": {
      "has_wheel": "2024-08-10 15:53:54 +0000"
    },
    "done": true
  },
  "mcw_tfc_aio:recipes/birch": {
    "criteria": {
      "has_birch": "2024-08-10 15:53:54 +0000"
    },
    "done": true
  },
  "tfcastikorcarts:crafting/animal_cart/sweetgum": {
    "criteria": {
      "has_wheel": "2024-08-10 15:53:54 +0000"
    },
    "done": true
  },
  "mcwfences:recipes/birch": {
    "criteria": {
      "has_birch": "2024-08-10 15:53:54 +0000"
    },
    "done": true
  },
  "tfcastikorcarts:crafting/animal_cart/rainbow_eucalyptus": {
    "criteria": {
      "has_wheel": "2024-08-10 15:53:54 +0000"
    },
    "done": true
  },
  "tfcastikorcarts:crafting/wheel/walnut": {
    "criteria": {
      "has_planks": "2024-08-10 16:10:57 +0000"
    },
    "done": true
  },
  "tfcastikorcarts:crafting/animal_cart/syzygium": {
    "criteria": {
      "has_wheel": "2024-08-10 15:53:54 +0000"
    },
    "done": true
  },
  "tfcastikorcarts:crafting/wheel/acacia": {
    "criteria": {
      "has_planks": "2024-08-10 16:10:57 +0000"
    },
    "done": true
  },
  "tfcastikorcarts:crafting/plow/jabuticabeira": {
    "criteria": {
      "has_wheel": "2024-08-10 15:53:54 +0000"
    },
    "done": true
  },
  "tfcastikorcarts:crafting/wheel/red_cypress": {
    "criteria": {
      "has_planks": "2024-08-10 16:10:57 +0000"
    },
    "done": true
  },
  "tfcastikorcarts:crafting/animal_cart/fever": {
    "criteria": {
      "has_wheel": "2024-08-10 15:53:54 +0000"
    },
    "done": true
  },
  "tfcastikorcarts:crafting/supply_cart/jabuticabeira": {
    "criteria": {
      "has_wheel": "2024-08-10 15:53:54 +0000"
    },
    "done": true
  },
  "minecraft:recipes/transportation/jungle_boat": {
    "criteria": {
      "in_water": "2024-08-10 16:00:36 +0000"
    },
    "done": true
  },
  "tfcastikorcarts:crafting/supply_cart/snow_gum_eucalyptus": {
    "criteria": {
      "has_wheel": "2024-08-10 15:53:54 +0000"
    },
    "done": true
  },
  "tfcastikorcarts:crafting/animal_cart/mahoe": {
    "criteria": {
      "has_wheel": "2024-08-10 15:53:54 +0000"
    },
    "done": true
  },
  "tfcastikorcarts:crafting/wheel/whitebeam": {
    "criteria": {
      "has_planks": "2024-08-10 16:10:57 +0000"
    },
    "done": true
  },
  "tfcastikorcarts:crafting/supply_cart/marblewood": {
    "criteria": {
      "has_wheel": "2024-08-10 15:53:54 +0000"
    },
    "done": true
  },
  "tfcastikorcarts:crafting/wheel/wenge": {
    "criteria": {
      "has_planks": "2024-08-10 16:10:57 +0000"
    },
    "done": true
  },
  "tfcastikorcarts:crafting/plow/mangrove": {
    "criteria": {
      "has_wheel": "2024-08-10 15:53:54 +0000"
    },
    "done": true
  },
  "tfcastikorcarts:crafting/supply_cart/zebrawood": {
    "criteria": {
      "has_wheel": "2024-08-10 15:53:54 +0000"
    },
    "done": true
  },
  "tfcastikorcarts:crafting/plow/ironwood": {
    "criteria": {
      "has_wheel": "2024-08-10 15:53:54 +0000"
    },
    "done": true
  },
  "tfcastikorcarts:crafting/supply_cart/yellow_jacaranda": {
    "criteria": {
      "has_wheel": "2024-08-10 15:53:54 +0000"
    },
    "done": true
  },
  "mcwfences:recipes/stone": {
    "criteria": {
      "has_stone": "2024-08-10 15:53:54 +0000"
    },
    "done": true
  },
  "tfcastikorcarts:crafting/wheel/black_walnut": {
    "criteria": {
      "has_planks": "2024-08-10 16:10:57 +0000"
    },
    "done": true
  },
  "mcw_tfc_aio:recipes/sycamore": {
    "criteria": {
      "has_sycamore": "2024-08-10 15:53:54 +0000"
    },
    "done": true
  },
  "mcwfences:recipes/end": {
    "criteria": {
      "has_end_brick": "2024-08-10 15:53:54 +0000"
    },
    "done": true
  },
  "tfcastikorcarts:crafting/plow/poplar": {
    "criteria": {
      "has_wheel": "2024-08-10 15:53:54 +0000"
    },
    "done": true
  },
  "tfcastikorcarts:crafting/supply_cart/limba": {
    "criteria": {
      "has_wheel": "2024-08-10 15:53:54 +0000"
    },
    "done": true
  },
  "tfcastikorcarts:crafting/wheel/beech": {
    "criteria": {
      "has_planks": "2024-08-10 16:10:57 +0000"
    },
    "done": true
  },
  "tfcastikorcarts:crafting/plow/teak": {
    "criteria": {
      "has_wheel": "2024-08-10 15:53:54 +0000"
    },
    "done": true
  },
  "tfcastikorcarts:crafting/animal_cart/brazilwood": {
    "criteria": {
      "has_wheel": "2024-08-10 15:53:54 +0000"
    },
    "done": true
  },
  "tfcastikorcarts:crafting/wheel/hemlock": {
    "criteria": {
      "has_planks": "2024-08-10 16:10:57 +0000"
    },
    "done": true
  },
  "tfc:world/adventuring_time": {
    "criteria": {
      "plateau": "2024-08-10 15:53:57 +0000",
      "ocean": "2024-08-10 15:54:35 +0000",
      "river": "2024-08-10 16:12:53 +0000",
      "canyons": "2024-08-10 15:54:51 +0000"
    },
    "done": false
  },
  "tfcastikorcarts:crafting/plow/iroko": {
    "criteria": {
      "has_wheel": "2024-08-10 15:53:54 +0000"
    },
    "done": true
  },
  "supplementaries:recipes/boat_jar": {
    "criteria": {
      "minecraft:boats": "2024-08-10 16:00:57 +0000"
    },
    "done": true
  },
  "tfcastikorcarts:crafting/supply_cart/persimmon": {
    "criteria": {
      "has_wheel": "2024-08-10 15:53:54 +0000"
    },
    "done": true
  },
  "tfcastikorcarts:crafting/plow/locust": {
    "criteria": {
      "has_wheel": "2024-08-10 15:53:54 +0000"
    },
    "done": true
  },
  "tfcastikorcarts:crafting/plow/holly": {
    "criteria": {
      "has_wheel": "2024-08-10 15:53:54 +0000"
    },
    "done": true
  },
  "tfcastikorcarts:crafting/supply_cart/hornbeam": {
    "criteria": {
      "has_wheel": "2024-08-10 15:53:54 +0000"
    },
    "done": true
  },
  "tfcastikorcarts:crafting/wheel/zebrawood": {
    "criteria": {
      "has_planks": "2024-08-10 16:10:57 +0000"
    },
    "done": true
  },
  "tfc:crafting/bone_needle": {
    "criteria": {
      "has_item": "2024-08-10 16:12:27 +0000"
    },
    "done": true
  },
  "tfcastikorcarts:crafting/plow/sweetgum": {
    "criteria": {
      "has_wheel": "2024-08-10 15:53:54 +0000"
    },
    "done": true
  },
  "tfcastikorcarts:crafting/plow/syzygium": {
    "criteria": {
      "has_wheel": "2024-08-10 15:53:54 +0000"
    },
    "done": true
  },
  "tfcastikorcarts:crafting/supply_cart/common_oak": {
    "criteria": {
      "has_wheel": "2024-08-10 15:53:54 +0000"
    },
    "done": true
  },
  "firmalife:story/root": {
    "criteria": {
      "in_game_condition": "2024-08-10 15:53:55 +0000"
    },
    "done": true
  },
  "tfc:crafting/wood/douglas_fir_sewing_table": {
    "criteria": {
      "has_item": "2024-08-10 16:10:57 +0000"
    },
    "done": true
  },
  "tfc:world/bread": {
    "criteria": {
      "sandwich_bread": "2024-08-10 16:13:22 +0000"
    },
    "done": true
  },
  "tfcastikorcarts:crafting/animal_cart/bald_cypress": {
    "criteria": {
      "has_wheel": "2024-08-10 15:53:54 +0000"
    },
    "done": true
  },
  "tfcastikorcarts:crafting/animal_cart/messmate": {
    "criteria": {
      "has_wheel": "2024-08-10 15:53:54 +0000"
    },
    "done": true
  },
  "tfcastikorcarts:crafting/animal_cart/chestnut": {
    "criteria": {
      "has_wheel": "2024-08-10 15:53:54 +0000"
    },
    "done": true
  },
  "tfcastikorcarts:crafting/plow/pine": {
    "criteria": {
      "has_wheel": "2024-08-10 15:53:54 +0000"
    },
    "done": true
  },
  "tfcastikorcarts:crafting/supply_cart/maple": {
    "criteria": {
      "has_wheel": "2024-08-10 15:53:54 +0000"
    },
    "done": true
  },
  "tfcastikorcarts:crafting/animal_cart/black_willow": {
    "criteria": {
      "has_wheel": "2024-08-10 15:53:54 +0000"
    },
    "done": true
  },
  "mcw_tfc_aio:recipes/maple": {
    "criteria": {
      "has_maple": "2024-08-10 15:53:54 +0000"
    },
    "done": true
  },
  "tfcastikorcarts:crafting/supply_cart/ginkgo": {
    "criteria": {
      "has_wheel": "2024-08-10 15:53:54 +0000"
    },
    "done": true
  },
  "tfcastikorcarts:crafting/plow/hawthorn": {
    "criteria": {
      "has_wheel": "2024-08-10 15:53:54 +0000"
    },
    "done": true
  },
  "tfcastikorcarts:crafting/wheel/hickory": {
    "criteria": {
      "has_planks": "2024-08-10 16:10:57 +0000"
    },
    "done": true
  },
  "tfcastikorcarts:crafting/plow/ebony": {
    "criteria": {
      "has_wheel": "2024-08-10 15:53:54 +0000"
    },
    "done": true
  },
  "tfcastikorcarts:crafting/supply_cart/red_mangrove": {
    "criteria": {
      "has_wheel": "2024-08-10 15:53:54 +0000"
    },
    "done": true
  },
  "tfcastikorcarts:crafting/plow/rosewood": {
    "criteria": {
      "has_wheel": "2024-08-10 15:53:54 +0000"
    },
    "done": true
  },
  "firmalife:crafting/wood/douglas_fir_wine_shelf": {
    "criteria": {
      "has_item": "2024-08-10 16:10:52 +0000"
    },
    "done": true
  },
  "tfcastikorcarts:crafting/animal_cart/sycamore": {
    "criteria": {
      "has_wheel": "2024-08-10 15:53:54 +0000"
    },
    "done": true
  },
  "tfcastikorcarts:crafting/supply_cart/laurel": {
    "criteria": {
      "has_wheel": "2024-08-10 15:53:54 +0000"
    },
    "done": true
  },
  "tfcastikorcarts:crafting/wheel/fever": {
    "criteria": {
      "has_planks": "2024-08-10 16:10:57 +0000"
    },
    "done": true
  },
  "tfcastikorcarts:crafting/supply_cart/brazilwood": {
    "criteria": {
      "has_wheel": "2024-08-10 15:53:54 +0000"
    },
    "done": true
  },
  "mcw_tfc_aio:recipes/awning": {
    "criteria": {
      "has_planks": "2024-08-10 15:53:54 +0000"
    },
    "done": true
  },
  "tfcastikorcarts:crafting/supply_cart/redwood": {
    "criteria": {
      "has_wheel": "2024-08-10 15:53:54 +0000"
    },
    "done": true
  },
  "tfcastikorcarts:crafting/animal_cart/purple_jacaranda": {
    "criteria": {
      "has_wheel": "2024-08-10 15:53:54 +0000"
    },
    "done": true
  },
  "firmaciv:crafting/douglas_fir_roofing": {
    "criteria": {
      "has_item": "2024-08-10 16:10:57 +0000"
    },
    "done": true
  },
  "mcw_tfc_aio:recipes/ash": {
    "criteria": {
      "has_ash": "2024-08-10 15:53:54 +0000"
    },
    "done": true
  },
  "tfcastikorcarts:crafting/supply_cart/pink_ivory": {
    "criteria": {
      "has_wheel": "2024-08-10 15:53:54 +0000"
    },
    "done": true
  },
  "tfcastikorcarts:crafting/plow/buxus": {
    "criteria": {
      "has_wheel": "2024-08-10 15:53:54 +0000"
    },
    "done": true
  },
  "mcwfences:recipes/sandstone": {
    "criteria": {
      "has_sand": "2024-08-10 15:53:54 +0000"
    },
    "done": true
  },
  "tfcastikorcarts:crafting/animal_cart/birch": {
    "criteria": {
      "has_wheel": "2024-08-10 15:53:54 +0000"
    },
    "done": true
  },
  "tfcastikorcarts:crafting/plow/mountain_ash": {
    "criteria": {
      "has_wheel": "2024-08-10 15:53:54 +0000"
    },
    "done": true
  },
  "tfcastikorcarts:crafting/plow/oak": {
    "criteria": {
      "has_wheel": "2024-08-10 15:53:54 +0000"
    },
    "done": true
  },
  "tfcastikorcarts:crafting/plow/yellow_ipe": {
    "criteria": {
      "has_wheel": "2024-08-10 15:53:54 +0000"
    },
    "done": true
  },
  "minecraft:recipes/combat/arrow": {
    "criteria": {
      "has_feather": "2024-08-10 16:14:28 +0000"
    },
    "done": true
  },
  "tfcastikorcarts:crafting/plow/purpleheart": {
    "criteria": {
      "has_wheel": "2024-08-10 15:53:54 +0000"
    },
    "done": true
  },
  "tfcastikorcarts:crafting/supply_cart/pear": {
    "criteria": {
      "has_wheel": "2024-08-10 15:53:54 +0000"
    },
    "done": true
  },
  "tfcastikorcarts:crafting/animal_cart/nordmann_fir": {
    "criteria": {
      "has_wheel": "2024-08-10 15:53:54 +0000"
    },
    "done": true
  },
  "chiselsandbits:recipes/tools/modification_table": {
    "criteria": {
      "has_b": "2024-08-10 16:10:50 +0000"
    },
    "done": true
  },
  "mcwfences:recipes/acacia": {
    "criteria": {
      "has_acacia": "2024-08-10 15:53:54 +0000"
    },
    "done": true
  },
  "tfcastikorcarts:crafting/plow/aspen": {
    "criteria": {
      "has_wheel": "2024-08-10 15:53:54 +0000"
    },
    "done": true
  },
  "tfcastikorcarts:crafting/plow/zebrawood": {
    "criteria": {
      "has_wheel": "2024-08-10 15:53:54 +0000"
    },
    "done": true
  },
  "tfcastikorcarts:crafting/wheel/sweetgum": {
    "criteria": {
      "has_planks": "2024-08-10 16:10:57 +0000"
    },
    "done": true
  },
  "tfcastikorcarts:crafting/animal_cart/yellow_jacaranda": {
    "criteria": {
      "has_wheel": "2024-08-10 15:53:54 +0000"
    },
    "done": true
  },
  "tfcastikorcarts:crafting/supply_cart/yellow_meranti": {
    "criteria": {
      "has_wheel": "2024-08-10 15:53:54 +0000"
    },
    "done": true
  },
  "tfcastikorcarts:crafting/plow/medlar": {
    "criteria": {
      "has_wheel": "2024-08-10 15:53:54 +0000"
    },
    "done": true
  },
  "supplementaries:recipes/bed_from_feather_block": {
    "criteria": {
      "minecraft:planks": "2024-08-10 16:10:57 +0000"
    },
    "done": true
  },
  "tfc:world/loom": {
    "criteria": {
      "looms": "2024-08-10 15:59:09 +0000"
    },
    "done": true
  },
  "tfcastikorcarts:crafting/supply_cart/mahoe": {
    "criteria": {
      "has_wheel": "2024-08-10 15:53:54 +0000"
    },
    "done": true
  },
  "tfcastikorcarts:crafting/animal_cart/white_cedar": {
    "criteria": {
      "has_wheel": "2024-08-10 15:53:54 +0000"
    },
    "done": true
  },
  "mcwfences:recipes/oak": {
    "criteria": {
      "has_oak": "2024-08-10 15:53:54 +0000"
    },
    "done": true
  },
  "tfcastikorcarts:crafting/supply_cart/sloe": {
    "criteria": {
      "has_wheel": "2024-08-10 15:53:54 +0000"
    },
    "done": true
  },
  "tfcastikorcarts:crafting/animal_cart/palm": {
    "criteria": {
      "has_wheel": "2024-08-10 15:53:54 +0000"
    },
    "done": true
  },
  "tfcastikorcarts:crafting/supply_cart/yellow_ipe": {
    "criteria": {
      "has_wheel": "2024-08-10 15:53:54 +0000"
    },
    "done": true
  },
  "minecraft:recipes/transportation/acacia_chest_boat": {
    "criteria": {
      "has_boat": "2024-08-10 16:00:57 +0000"
    },
    "done": true
  },
  "tfcastikorcarts:crafting/supply_cart/norway_spruce": {
    "criteria": {
      "has_wheel": "2024-08-10 15:53:54 +0000"
    },
    "done": true
  },
  "tfcastikorcarts:crafting/animal_cart/pink_ipe": {
    "criteria": {
      "has_wheel": "2024-08-10 15:53:54 +0000"
    },
    "done": true
  },
  "tfcastikorcarts:crafting/wheel/butternut": {
    "criteria": {
      "has_planks": "2024-08-10 16:10:57 +0000"
    },
    "done": true
  },
  "tfcastikorcarts:crafting/supply_cart/cypress": {
    "criteria": {
      "has_wheel": "2024-08-10 15:53:54 +0000"
    },
    "done": true
  },
  "tfcastikorcarts:crafting/wheel/teak": {
    "criteria": {
      "has_planks": "2024-08-10 16:10:57 +0000"
    },
    "done": true
  },
  "tfcastikorcarts:crafting/supply_cart/white_ipe": {
    "criteria": {
      "has_wheel": "2024-08-10 15:53:54 +0000"
    },
    "done": true
  },
  "mcw_tfc_aio:recipes/concrete": {
    "criteria": {
      "has_planks": "2024-08-10 15:53:54 +0000"
    },
    "done": true
  },
  "tfcastikorcarts:crafting/plow/mahogany": {
    "criteria": {
      "has_wheel": "2024-08-10 15:53:54 +0000"
    },
    "done": true
  },
  "tfcastikorcarts:crafting/plow/bald_cypress": {
    "criteria": {
      "has_wheel": "2024-08-10 15:53:54 +0000"
    },
    "done": true
  },
  "tfcastikorcarts:crafting/wheel/white_cherry_blossom": {
    "criteria": {
      "has_planks": "2024-08-10 16:10:57 +0000"
    },
    "done": true
  },
  "mcw_tfc_aio:recipes/chestnut": {
    "criteria": {
      "has_chestnut": "2024-08-10 15:53:54 +0000"
    },
    "done": true
  },
  "tfc:world/all_fish": {
    "criteria": {
      "food/crappie": "2024-08-10 16:13:35 +0000"
    },
    "done": true
  },
  "tfcastikorcarts:crafting/wheel/greenheart": {
    "criteria": {
      "has_planks": "2024-08-10 16:10:57 +0000"
    },
    "done": true
  },
  "mcwfences:recipes/mud_brick": {
    "criteria": {
      "has_qq": "2024-08-10 15:53:54 +0000"
    },
    "done": true
  },
  "mcw_tfc_aio:recipes/prismarine": {
    "criteria": {
      "has_qq": "2024-08-10 15:53:54 +0000"
    },
    "done": true
  },
  "tfcastikorcarts:crafting/animal_cart/rowan": {
    "criteria": {
      "has_wheel": "2024-08-10 15:53:54 +0000"
    },
    "done": true
  },
  "minecraft:recipes/misc/bone_meal": {
    "criteria": {
      "has_bone": "2024-08-10 16:12:27 +0000"
    },
    "done": true
  },
  "tfcastikorcarts:crafting/plow/whitebeam": {
    "criteria": {
      "has_wheel": "2024-08-10 15:53:54 +0000"
    },
    "done": true
  },
  "tfcastikorcarts:crafting/plow/ghaf": {
    "criteria": {
      "has_wheel": "2024-08-10 15:53:54 +0000"
    },
    "done": true
  },
  "mcw_tfc_aio:recipes/nether": {
    "criteria": {
      "has_nether_brick": "2024-08-10 15:53:54 +0000"
    },
    "done": true
  },
  "tfcastikorcarts:crafting/supply_cart/african_padauk": {
    "criteria": {
      "has_wheel": "2024-08-10 15:53:54 +0000"
    },
    "done": true
  },
  "mcwfences:recipes/blackstone": {
    "criteria": {
      "has_blackstone": "2024-08-10 15:53:54 +0000"
    },
    "done": true
  },
  "tfcastikorcarts:crafting/animal_cart/ghaf": {
    "criteria": {
      "has_wheel": "2024-08-10 15:53:54 +0000"
    },
    "done": true
  },
  "tfcastikorcarts:crafting/animal_cart/white_cherry_blossom": {
    "criteria": {
      "has_wheel": "2024-08-10 15:53:54 +0000"
    },
    "done": true
  },
  "supplementaries:recipes/speaker_block": {
    "criteria": {
      "minecraft:planks": "2024-08-10 16:10:57 +0000"
    },
    "done": true
  },
  "tfcastikorcarts:crafting/animal_cart/maclura": {
    "criteria": {
      "has_wheel": "2024-08-10 15:53:54 +0000"
    },
    "done": true
  },
  "tfcastikorcarts:crafting/animal_cart/white_mangrove": {
    "criteria": {
      "has_wheel": "2024-08-10 15:53:54 +0000"
    },
    "done": true
  },
  "tfcastikorcarts:crafting/wheel/palm": {
    "criteria": {
      "has_planks": "2024-08-10 16:10:57 +0000"
    },
    "done": true
  },
  "tfcastikorcarts:crafting/supply_cart/kauri": {
    "criteria": {
      "has_wheel": "2024-08-10 15:53:54 +0000"
    },
    "done": true
  },
  "tfcastikorcarts:crafting/supply_cart/messmate": {
    "criteria": {
      "has_wheel": "2024-08-10 15:53:54 +0000"
    },
    "done": true
  },
  "tfcastikorcarts:crafting/wheel/white_mangrove": {
    "criteria": {
      "has_planks": "2024-08-10 16:10:57 +0000"
    },
    "done": true
  },
  "tfcastikorcarts:crafting/wheel/hawthorn": {
    "criteria": {
      "has_planks": "2024-08-10 16:10:57 +0000"
    },
    "done": true
  },
  "tfcastikorcarts:crafting/animal_cart/pine": {
    "criteria": {
      "has_wheel": "2024-08-10 15:53:54 +0000"
    },
    "done": true
  },
  "tfcastikorcarts:crafting/supply_cart/chestnut": {
    "criteria": {
      "has_wheel": "2024-08-10 15:53:54 +0000"
    },
    "done": true
  },
  "tfcastikorcarts:crafting/wheel/marblewood": {
    "criteria": {
      "has_planks": "2024-08-10 16:10:57 +0000"
    },
    "done": true
  },
  "minecraft:recipes/transportation/spruce_boat": {
    "criteria": {
      "in_water": "2024-08-10 16:00:36 +0000"
    },
    "done": true
  },
  "tfcastikorcarts:crafting/wheel/hornbeam": {
    "criteria": {
      "has_planks": "2024-08-10 16:10:57 +0000"
    },
    "done": true
  },
  "tfcastikorcarts:crafting/wheel/rubber_fig": {
    "criteria": {
      "has_planks": "2024-08-10 16:10:57 +0000"
    },
    "done": true
  },
  "tfcastikorcarts:crafting/animal_cart/purple_ipe": {
    "criteria": {
      "has_wheel": "2024-08-10 15:53:54 +0000"
    },
    "done": true
  },
  "mcwfences:recipes/hedge": {
    "criteria": {
      "has_birch": "2024-08-10 15:53:54 +0000"
    },
    "done": true
  },
  "tfcastikorcarts:crafting/animal_cart/white_elm": {
    "criteria": {
      "has_wheel": "2024-08-10 15:53:54 +0000"
    },
    "done": true
  },
  "tfcastikorcarts:crafting/supply_cart/red_cedar": {
    "criteria": {
      "has_wheel": "2024-08-10 15:53:54 +0000"
    },
    "done": true
  },
  "mcw_tfc_aio:recipes/bamboo": {
    "criteria": {
      "has_bamboo": "2024-08-10 15:53:54 +0000"
    },
    "done": true
  },
  "tfc:crafting/wheat_sandwich_with_jam_2": {
    "criteria": {
      "has_item": "2024-08-10 16:13:22 +0000"
    },
    "done": true
  },
  "tfc:crafting/wheat_sandwich_with_jam_0": {
    "criteria": {
      "has_item": "2024-08-10 16:13:22 +0000"
    },
    "done": true
  },
  "tfc:crafting/wheat_sandwich_with_jam_1": {
    "criteria": {
      "has_item": "2024-08-10 16:13:22 +0000"
    },
    "done": true
  },
  "tfcastikorcarts:crafting/plow/persimmon": {
    "criteria": {
      "has_wheel": "2024-08-10 15:53:54 +0000"
    },
    "done": true
  },
  "tfcastikorcarts:crafting/supply_cart/alder": {
    "criteria": {
      "has_wheel": "2024-08-10 15:53:54 +0000"
    },
    "done": true
  },
  "tfcastikorcarts:crafting/wheel/medlar": {
    "criteria": {
      "has_planks": "2024-08-10 16:10:57 +0000"
    },
    "done": true
  },
  "minecraft:husbandry/root": {
    "criteria": {
      "consumed_item": "2024-08-10 16:13:37 +0000"
    },
    "done": true
  },
  "minecraft:recipes/transportation/birch_boat": {
    "criteria": {
      "in_water": "2024-08-10 16:00:36 +0000"
    },
    "done": true
  },
  "tfc:story/logging": {
    "criteria": {
      "logs": "2024-08-10 16:10:50 +0000"
    },
    "done": true
  },
  "tfcastikorcarts:crafting/wheel/red_elm": {
    "criteria": {
      "has_planks": "2024-08-10 16:10:57 +0000"
    },
    "done": true
  },
  "tfcastikorcarts:crafting/supply_cart/acacia": {
    "criteria": {
      "has_wheel": "2024-08-10 15:53:54 +0000"
    },
    "done": true
  },
  "minecraft:recipes/transportation/cherry_chest_boat": {
    "criteria": {
      "has_boat": "2024-08-10 16:00:57 +0000"
    },
    "done": true
  },
  "tfcastikorcarts:crafting/plow/spruce": {
    "criteria": {
      "has_wheel": "2024-08-10 15:53:54 +0000"
    },
    "done": true
  },
  "tfcastikorcarts:crafting/wheel/rowan": {
    "criteria": {
      "has_planks": "2024-08-10 16:10:57 +0000"
    },
    "done": true
  },
  "minecraft:recipes/transportation/birch_chest_boat": {
    "criteria": {
      "has_boat": "2024-08-10 16:00:57 +0000"
    },
    "done": true
  },
  "minecraft:recipes/transportation/oak_boat": {
    "criteria": {
      "in_water": "2024-08-10 16:00:36 +0000"
    },
    "done": true
  },
  "tfcastikorcarts:crafting/animal_cart/teak": {
    "criteria": {
      "has_wheel": "2024-08-10 15:53:54 +0000"
    },
    "done": true
  },
  "tfcastikorcarts:crafting/animal_cart/butternut": {
    "criteria": {
      "has_wheel": "2024-08-10 15:53:54 +0000"
    },
    "done": true
  },
  "tfcastikorcarts:crafting/plow/snow_gum_eucalyptus": {
    "criteria": {
      "has_wheel": "2024-08-10 15:53:54 +0000"
    },
    "done": true
  },
  "tfcastikorcarts:crafting/wheel/douglas_fir": {
    "criteria": {
      "has_planks": "2024-08-10 16:10:57 +0000"
    },
    "done": true
  },
  "tfcastikorcarts:crafting/plow/pink_cherry_blossom": {
    "criteria": {
      "has_wheel": "2024-08-10 15:53:54 +0000"
    },
    "done": true
  },
  "tfcastikorcarts:crafting/plow/quince": {
    "criteria": {
      "has_wheel": "2024-08-10 15:53:54 +0000"
    },
    "done": true
  },
  "tfcastikorcarts:crafting/supply_cart/ironwood": {
    "criteria": {
      "has_wheel": "2024-08-10 15:53:54 +0000"
    },
    "done": true
  },
  "tfcastikorcarts:crafting/plow/palm": {
    "criteria": {
      "has_wheel": "2024-08-10 15:53:54 +0000"
    },
    "done": true
  },
  "tfcastikorcarts:crafting/plow/limba": {
    "criteria": {
      "has_wheel": "2024-08-10 15:53:54 +0000"
    },
    "done": true
  },
  "tfcastikorcarts:crafting/wheel/pine": {
    "criteria": {
      "has_planks": "2024-08-10 16:10:57 +0000"
    },
    "done": true
  },
  "tfcastikorcarts:crafting/plow/cypress": {
    "criteria": {
      "has_wheel": "2024-08-10 15:53:54 +0000"
    },
    "done": true
  },
  "tfcastikorcarts:crafting/supply_cart/walnut": {
    "criteria": {
      "has_wheel": "2024-08-10 15:53:54 +0000"
    },
    "done": true
  },
  "tfcastikorcarts:crafting/supply_cart/white_jacaranda": {
    "criteria": {
      "has_wheel": "2024-08-10 15:53:54 +0000"
    },
    "done": true
  },
  "tfcastikorcarts:crafting/plow/hickory": {
    "criteria": {
      "has_wheel": "2024-08-10 15:53:54 +0000"
    },
    "done": true
  },
  "tfcastikorcarts:crafting/plow/angelim": {
    "criteria": {
      "has_wheel": "2024-08-10 15:53:54 +0000"
    },
    "done": true
  },
  "minecraft:recipes/transportation/mangrove_boat": {
    "criteria": {
      "in_water": "2024-08-10 16:00:36 +0000"
    },
    "done": true
  },
  "tfcastikorcarts:crafting/supply_cart/oak": {
    "criteria": {
      "has_wheel": "2024-08-10 15:53:54 +0000"
    },
    "done": true
  },
  "tfcastikorcarts:crafting/supply_cart/purple_ipe": {
    "criteria": {
      "has_wheel": "2024-08-10 15:53:54 +0000"
    },
    "done": true
  },
  "tfcastikorcarts:crafting/supply_cart/white_cedar": {
    "criteria": {
      "has_wheel": "2024-08-10 15:53:54 +0000"
    },
    "done": true
  },
  "tfc:world/hunter": {
    "criteria": {
      "special_condition": "2024-08-10 16:12:24 +0000"
    },
    "done": true
  },
  "tfcastikorcarts:crafting/supply_cart/syzygium": {
    "criteria": {
      "has_wheel": "2024-08-10 15:53:54 +0000"
    },
    "done": true
  },
  "tfcastikorcarts:crafting/plow/greenheart": {
    "criteria": {
      "has_wheel": "2024-08-10 15:53:54 +0000"
    },
    "done": true
  },
  "tfcastikorcarts:crafting/animal_cart/hornbeam": {
    "criteria": {
      "has_wheel": "2024-08-10 15:53:54 +0000"
    },
    "done": true
  },
  "mcw_tfc_aio:recipes/douglas_fir": {
    "criteria": {
      "has_douglas_fir": "2024-08-10 15:53:54 +0000"
    },
    "done": true
  },
  "tfcastikorcarts:crafting/plow/laurel": {
    "criteria": {
      "has_wheel": "2024-08-10 15:53:54 +0000"
    },
    "done": true
  },
  "minecraft:recipes/transportation/dark_oak_chest_boat": {
    "criteria": {
      "has_boat": "2024-08-10 16:00:57 +0000"
    },
    "done": true
  },
  "tfcastikorcarts:crafting/supply_cart/poplar": {
    "criteria": {
      "has_wheel": "2024-08-10 15:53:54 +0000"
    },
    "done": true
  },
  "mcw_tfc_aio:recipes/blackwood": {
    "criteria": {
      "has_blackwood": "2024-08-10 15:53:54 +0000"
    },
    "done": true
  },
  "tfcastikorcarts:crafting/supply_cart/argyle_eucalyptus": {
    "criteria": {
      "has_wheel": "2024-08-10 15:53:54 +0000"
    },
    "done": true
  },
  "tfcastikorcarts:crafting/animal_cart/cypress": {
    "criteria": {
      "has_wheel": "2024-08-10 15:53:54 +0000"
    },
    "done": true
  },
  "tfcastikorcarts:crafting/plow/brazilwood": {
    "criteria": {
      "has_wheel": "2024-08-10 15:53:54 +0000"
    },
    "done": true
  },
  "supplementaries:recipes/notice_board": {
    "criteria": {
      "minecraft:planks": "2024-08-10 16:10:57 +0000"
    },
    "done": true
  },
  "mcwfences:recipes/deepslate": {
    "criteria": {
      "has_deepslate": "2024-08-10 15:53:54 +0000"
    },
    "done": true
  },
  "tfc:story/root": {
    "criteria": {
      "in_game_condition": "2024-08-10 15:53:55 +0000"
    },
    "done": true
  },
  "tfcastikorcarts:crafting/animal_cart/kapok": {
    "criteria": {
      "has_wheel": "2024-08-10 15:53:54 +0000"
    },
    "done": true
  },
  "tfcastikorcarts:crafting/plow/white_elm": {
    "criteria": {
      "has_wheel": "2024-08-10 15:53:54 +0000"
    },
    "done": true
  },
  "tfcastikorcarts:crafting/plow/white_jacaranda": {
    "criteria": {
      "has_wheel": "2024-08-10 15:53:54 +0000"
    },
    "done": true
  },
  "tfcastikorcarts:crafting/supply_cart/black_walnut": {
    "criteria": {
      "has_wheel": "2024-08-10 15:53:54 +0000"
    },
    "done": true
  },
  "tfcastikorcarts:crafting/plow/purple_jacaranda": {
    "criteria": {
      "has_wheel": "2024-08-10 15:53:54 +0000"
    },
    "done": true
  },
  "tfcastikorcarts:crafting/animal_cart/african_padauk": {
    "criteria": {
      "has_wheel": "2024-08-10 15:53:54 +0000"
    },
    "done": true
  },
  "tfcastikorcarts:crafting/supply_cart/sweetgum": {
    "criteria": {
      "has_wheel": "2024-08-10 15:53:54 +0000"
    },
    "done": true
  },
  "tfcastikorcarts:crafting/supply_cart/butternut": {
    "criteria": {
      "has_wheel": "2024-08-10 15:53:54 +0000"
    },
    "done": true
  },
  "tfcastikorcarts:crafting/supply_cart/beech": {
    "criteria": {
      "has_wheel": "2024-08-10 15:53:54 +0000"
    },
    "done": true
  },
  "astikorcarts:recipes/animal_cart": {
    "criteria": {
      "has_wheel": "2024-08-10 15:53:54 +0000"
    },
    "done": true
  },
  "mcw_tfc_aio:recipes/mangrove": {
    "criteria": {
      "has_mangrove": "2024-08-10 15:53:54 +0000"
    },
    "done": true
  },
  "supplementaries:recipes/altimeter": {
    "criteria": {
      "has_copper_ingot": "2024-08-10 16:08:23 +0000"
    },
    "done": true
  },
  "tfcastikorcarts:crafting/wheel/locust": {
    "criteria": {
      "has_planks": "2024-08-10 16:10:57 +0000"
    },
    "done": true
  },
  "chiselsandbits:recipes/tools/quill": {
    "criteria": {
      "has_tag_a": "2024-08-10 16:14:28 +0000"
    },
    "done": true
  },
  "tfcastikorcarts:crafting/animal_cart/pear": {
    "criteria": {
      "has_wheel": "2024-08-10 15:53:54 +0000"
    },
    "done": true
  },
  "tfcastikorcarts:crafting/plow/black_walnut": {
    "criteria": {
      "has_wheel": "2024-08-10 15:53:54 +0000"
    },
    "done": true
  },
  "tfcastikorcarts:crafting/wheel/limba": {
    "criteria": {
      "has_planks": "2024-08-10 16:10:57 +0000"
    },
    "done": true
  },
  "tfcastikorcarts:crafting/wheel/chestnut": {
    "criteria": {
      "has_planks": "2024-08-10 16:10:57 +0000"
    },
    "done": true
  },
  "tfcastikorcarts:crafting/plow/kapok": {
    "criteria": {
      "has_wheel": "2024-08-10 15:53:54 +0000"
    },
    "done": true
  },
  "tfcastikorcarts:crafting/animal_cart/ash": {
    "criteria": {
      "has_wheel": "2024-08-10 15:53:54 +0000"
    },
    "done": true
  },
  "tfcastikorcarts:crafting/supply_cart/maclura": {
    "criteria": {
      "has_wheel": "2024-08-10 15:53:54 +0000"
    },
    "done": true
  },
  "tfcastikorcarts:crafting/wheel/ash": {
    "criteria": {
      "has_planks": "2024-08-10 16:10:57 +0000"
    },
    "done": true
  },
  "chiselsandbits:recipes/tools/wrench": {
    "criteria": {
      "has_p": "2024-08-10 16:10:57 +0000"
    },
    "done": true
  },
  "tfcastikorcarts:crafting/animal_cart/joshua": {
    "criteria": {
      "has_wheel": "2024-08-10 15:53:54 +0000"
    },
    "done": true
  },
  "mcw_tfc_aio:recipes/aspen": {
    "criteria": {
      "has_aspen": "2024-08-10 15:53:54 +0000"
    },
    "done": true
  },
  "tfcastikorcarts:crafting/supply_cart/iroko": {
    "criteria": {
      "has_wheel": "2024-08-10 15:53:54 +0000"
    },
    "done": true
  },
  "tfcastikorcarts:crafting/wheel/brazilwood": {
    "criteria": {
      "has_planks": "2024-08-10 16:10:57 +0000"
    },
    "done": true
  },
  "tfcastikorcarts:crafting/wheel/ghaf": {
    "criteria": {
      "has_planks": "2024-08-10 16:10:57 +0000"
    },
    "done": true
  },
  "tfcastikorcarts:crafting/animal_cart/larch": {
    "criteria": {
      "has_wheel": "2024-08-10 15:53:54 +0000"
    },
    "done": true
  },
  "tfcastikorcarts:crafting/animal_cart/whitebeam": {
    "criteria": {
      "has_wheel": "2024-08-10 15:53:54 +0000"
    },
    "done": true
  },
  "tfcastikorcarts:crafting/supply_cart/holly": {
    "criteria": {
      "has_wheel": "2024-08-10 15:53:54 +0000"
    },
    "done": true
  },
  "tfcastikorcarts:crafting/plow/african_padauk": {
    "criteria": {
      "has_wheel": "2024-08-10 15:53:54 +0000"
    },
    "done": true
  },
  "tfcastikorcarts:crafting/plow/rainbow_eucalyptus": {
    "criteria": {
      "has_wheel": "2024-08-10 15:53:54 +0000"
    },
    "done": true
  },
  "farmersdelight:main/root": {
    "criteria": {
      "seeds": "2024-08-10 15:53:54 +0000"
    },
    "done": true
  },
  "tfc:crafting/wood/douglas_fir_scribing_table": {
    "criteria": {
      "has_item": "2024-08-10 16:10:57 +0000"
    },
    "done": true
  },
  "tfcastikorcarts:crafting/wheel/maple": {
    "criteria": {
      "has_planks": "2024-08-10 16:10:57 +0000"
    },
    "done": true
  },
  "tfcastikorcarts:crafting/animal_cart/spruce": {
    "criteria": {
      "has_wheel": "2024-08-10 15:53:54 +0000"
    },
    "done": true
  },
  "tfcastikorcarts:crafting/animal_cart/willow": {
    "criteria": {
      "has_wheel": "2024-08-10 15:53:54 +0000"
    },
    "done": true
  },
  "tfcastikorcarts:crafting/wheel/juniper": {
    "criteria": {
      "has_planks": "2024-08-10 16:10:57 +0000"
    },
    "done": true
  },
  "tfcastikorcarts:crafting/wheel/white_ipe": {
    "criteria": {
      "has_planks": "2024-08-10 16:10:57 +0000"
    },
    "done": true
  },
  "tfcastikorcarts:crafting/wheel/white_cedar": {
    "criteria": {
      "has_planks": "2024-08-10 16:10:57 +0000"
    },
    "done": true
  },
  "farmersdelight:recipes/cooking/bone_broth": {
    "criteria": {
      "has_bone": "2024-08-10 16:12:27 +0000"
    },
    "done": true
  },
  "tfcastikorcarts:crafting/wheel/syzygium": {
    "criteria": {
      "has_planks": "2024-08-10 16:10:57 +0000"
    },
    "done": true
  },
  "tfcastikorcarts:crafting/wheel/purple_ipe": {
    "criteria": {
      "has_planks": "2024-08-10 16:10:57 +0000"
    },
    "done": true
  },
  "tfcastikorcarts:crafting/wheel/snow_gum_eucalyptus": {
    "criteria": {
      "has_planks": "2024-08-10 16:10:57 +0000"
    },
    "done": true
  },
  "tfcastikorcarts:crafting/animal_cart/hazel": {
    "criteria": {
      "has_wheel": "2024-08-10 15:53:54 +0000"
    },
    "done": true
  },
  "tfcastikorcarts:crafting/plow/red_cedar": {
    "criteria": {
      "has_wheel": "2024-08-10 15:53:54 +0000"
    },
    "done": true
  },
  "tfcastikorcarts:crafting/animal_cart/yellow_meranti": {
    "criteria": {
      "has_wheel": "2024-08-10 15:53:54 +0000"
    },
    "done": true
  },
  "tfcastikorcarts:crafting/supply_cart/fever": {
    "criteria": {
      "has_wheel": "2024-08-10 15:53:54 +0000"
    },
    "done": true
  },
  "firmaciv:crafting/watercraft_frame_flat": {
    "criteria": {
      "has_item": "2024-08-10 16:10:32 +0000"
    },
    "done": true
  },
  "tfcastikorcarts:crafting/plow/redwood": {
    "criteria": {
      "has_wheel": "2024-08-10 15:53:54 +0000"
    },
    "done": true
  },
  "tfcastikorcarts:crafting/animal_cart/buxus": {
    "criteria": {
      "has_wheel": "2024-08-10 15:53:54 +0000"
    },
    "done": true
  },
  "tfcastikorcarts:crafting/animal_cart/aspen": {
    "criteria": {
      "has_wheel": "2024-08-10 15:53:54 +0000"
    },
    "done": true
  },
  "tfcastikorcarts:crafting/supply_cart/purpleheart": {
    "criteria": {
      "has_wheel": "2024-08-10 15:53:54 +0000"
    },
    "done": true
  },
  "tfcastikorcarts:crafting/animal_cart/mountain_ash": {
    "criteria": {
      "has_wheel": "2024-08-10 15:53:54 +0000"
    },
    "done": true
  },
  "tfcastikorcarts:crafting/plow/acacia": {
    "criteria": {
      "has_wheel": "2024-08-10 15:53:54 +0000"
    },
    "done": true
  },
  "tfcastikorcarts:crafting/animal_cart/mulberry": {
    "criteria": {
      "has_wheel": "2024-08-10 15:53:54 +0000"
    },
    "done": true
  },
  "tfcastikorcarts:crafting/plow/butternut": {
    "criteria": {
      "has_wheel": "2024-08-10 15:53:54 +0000"
    },
    "done": true
  },
  "tfcastikorcarts:crafting/wheel/mahoe": {
    "criteria": {
      "has_planks": "2024-08-10 16:10:57 +0000"
    },
    "done": true
  },
  "tfcastikorcarts:crafting/plow/baobab": {
    "criteria": {
      "has_wheel": "2024-08-10 15:53:54 +0000"
    },
    "done": true
  },
  "tfcastikorcarts:crafting/supply_cart/mahogany": {
    "criteria": {
      "has_wheel": "2024-08-10 15:53:54 +0000"
    },
    "done": true
  },
  "mcw_tfc_aio:recipes/willow": {
    "criteria": {
      "has_willow": "2024-08-10 15:53:54 +0000"
    },
    "done": true
  },
  "tfcastikorcarts:crafting/wheel/sequoia": {
    "criteria": {
      "has_planks": "2024-08-10 16:10:57 +0000"
    },
    "done": true
  },
  "tfcastikorcarts:crafting/wheel/purple_jacaranda": {
    "criteria": {
      "has_planks": "2024-08-10 16:10:57 +0000"
    },
    "done": true
  },
  "tfcastikorcarts:crafting/animal_cart/wenge": {
    "criteria": {
      "has_wheel": "2024-08-10 15:53:54 +0000"
    },
    "done": true
  },
  "tfcastikorcarts:crafting/animal_cart/common_oak": {
    "criteria": {
      "has_wheel": "2024-08-10 15:53:54 +0000"
    },
    "done": true
  },
  "tfcastikorcarts:crafting/wheel/ginkgo": {
    "criteria": {
      "has_planks": "2024-08-10 16:10:57 +0000"
    },
    "done": true
  },
  "tfcastikorcarts:crafting/supply_cart/quince": {
    "criteria": {
      "has_wheel": "2024-08-10 15:53:54 +0000"
    },
    "done": true
  },
  "tfcastikorcarts:crafting/animal_cart/ebony": {
    "criteria": {
      "has_wheel": "2024-08-10 15:53:54 +0000"
    },
    "done": true
  },
  "mcw_tfc_aio:recipes/white_cedar": {
    "criteria": {
      "has_white_cedar": "2024-08-10 15:53:54 +0000"
    },
    "done": true
  },
  "tfcastikorcarts:crafting/plow/wenge": {
    "criteria": {
      "has_wheel": "2024-08-10 15:53:54 +0000"
    },
    "done": true
  },
  "supplementaries:recipes/pulley": {
    "criteria": {
      "minecraft:planks": "2024-08-10 16:10:57 +0000"
    },
    "done": true
  },
  "tfcastikorcarts:crafting/animal_cart/logwood": {
    "criteria": {
      "has_wheel": "2024-08-10 15:53:54 +0000"
    },
    "done": true
  },
  "tfcastikorcarts:crafting/animal_cart/zebrawood": {
    "criteria": {
      "has_wheel": "2024-08-10 15:53:54 +0000"
    },
    "done": true
  },
  "tfcastikorcarts:crafting/wheel/common_oak": {
    "criteria": {
      "has_planks": "2024-08-10 16:10:57 +0000"
    },
    "done": true
  },
  "tfcastikorcarts:crafting/animal_cart/mangrove": {
    "criteria": {
      "has_wheel": "2024-08-10 15:53:54 +0000"
    },
    "done": true
  },
  "tfcastikorcarts:crafting/wheel/rainbow_eucalyptus": {
    "criteria": {
      "has_planks": "2024-08-10 16:10:57 +0000"
    },
    "done": true
  },
  "tfcastikorcarts:crafting/supply_cart/douglas_fir": {
    "criteria": {
      "has_wheel": "2024-08-10 15:53:54 +0000"
    },
    "done": true
  },
  "tfcastikorcarts:crafting/wheel/jabuticabeira": {
    "criteria": {
      "has_planks": "2024-08-10 16:10:57 +0000"
    },
    "done": true
  },
  "firmalife:crafting/wood/douglas_fir_keg": {
    "criteria": {
      "has_item": "2024-08-10 16:10:52 +0000"
    },
    "done": true
  },
  "alekiships:cannon": {
    "criteria": {
      "cannon": "2024-08-10 16:05:28 +0000"
    },
    "done": true
  },
  "tfc:crafting/wood/douglas_fir_lumber_planks": {
    "criteria": {
      "has_item": "2024-08-10 16:10:57 +0000"
    },
    "done": true
  },
  "tfc:crafting/wood/douglas_fir_slab": {
    "criteria": {
      "has_item": "2024-08-10 16:10:57 +0000"
    },
    "done": true
  },
  "tfc:world/fruit": {
    "criteria": {
      "banana": "2024-08-10 16:14:25 +0000",
      "green_apple": "2024-08-10 16:14:18 +0000"
    },
    "done": false
  },
  "tfcastikorcarts:crafting/plow/argyle_eucalyptus": {
    "criteria": {
      "has_wheel": "2024-08-10 15:53:54 +0000"
    },
    "done": true
  },
  "tfcastikorcarts:crafting/animal_cart/sloe": {
    "criteria": {
      "has_wheel": "2024-08-10 15:53:54 +0000"
    },
    "done": true
  },
  "tfcastikorcarts:crafting/wheel/birch": {
    "criteria": {
      "has_planks": "2024-08-10 16:10:57 +0000"
    },
    "done": true
  },
  "notreepunching:sticks_from_logs_with_flint_axe": {
    "criteria": {
      "has_item": "2024-08-10 16:10:50 +0000"
    },
    "done": true
  },
  "notreepunching:sticks_from_planks_with_flint_axe": {
    "criteria": {
      "has_item": "2024-08-10 16:10:57 +0000"
    },
    "done": true
  },
  "tfcastikorcarts:crafting/supply_cart/sycamore": {
    "criteria": {
      "has_wheel": "2024-08-10 15:53:54 +0000"
    },
    "done": true
  },
  "tfcastikorcarts:crafting/plow/maclura": {
    "criteria": {
      "has_wheel": "2024-08-10 15:53:54 +0000"
    },
    "done": true
  },
  "tfcastikorcarts:crafting/animal_cart/pink_ivory": {
    "criteria": {
      "has_wheel": "2024-08-10 15:53:54 +0000"
    },
    "done": true
  },
  "tfcastikorcarts:crafting/plow/red_cypress": {
    "criteria": {
      "has_wheel": "2024-08-10 15:53:54 +0000"
    },
    "done": true
  },
  "tfcastikorcarts:crafting/supply_cart/nordmann_fir": {
    "criteria": {
      "has_wheel": "2024-08-10 15:53:54 +0000"
    },
    "done": true
  },
  "tfcastikorcarts:crafting/wheel/sloe": {
    "criteria": {
      "has_planks": "2024-08-10 16:10:57 +0000"
    },
    "done": true
  },
  "tfcastikorcarts:crafting/supply_cart/hawthorn": {
    "criteria": {
      "has_wheel": "2024-08-10 15:53:54 +0000"
    },
    "done": true
  },
  "tfcastikorcarts:crafting/plow/alder": {
    "criteria": {
      "has_wheel": "2024-08-10 15:53:54 +0000"
    },
    "done": true
  },
  "tfcastikorcarts:crafting/wheel/kauri": {
    "criteria": {
      "has_planks": "2024-08-10 16:10:57 +0000"
    },
    "done": true
  },
  "tfcastikorcarts:crafting/supply_cart/purple_jacaranda": {
    "criteria": {
      "has_wheel": "2024-08-10 15:53:54 +0000"
    },
    "done": true
  },
  "tfcastikorcarts:crafting/plow/yellow_meranti": {
    "criteria": {
      "has_wheel": "2024-08-10 15:53:54 +0000"
    },
    "done": true
  },
  "firmaciv:crafting/watercraft_frame_angled_1": {
    "criteria": {
      "has_item": "2024-08-10 16:10:32 +0000"
    },
    "done": true
  },
  "mcw_tfc_aio:recipes/terracotta": {
    "criteria": {
      "has_planks": "2024-08-10 15:53:54 +0000"
    },
    "done": true
  },
  "tfcastikorcarts:crafting/supply_cart/pink_cherry_blossom": {
    "criteria": {
      "has_wheel": "2024-08-10 15:53:54 +0000"
    },
    "done": true
  },
  "tfcastikorcarts:crafting/supply_cart/sorb": {
    "criteria": {
      "has_wheel": "2024-08-10 15:53:54 +0000"
    },
    "done": true
  },
  "minecraft:recipes/transportation/dark_oak_boat": {
    "criteria": {
      "in_water": "2024-08-10 16:00:36 +0000"
    },
    "done": true
  },
  "tfcastikorcarts:crafting/supply_cart/mountain_ash": {
    "criteria": {
      "has_wheel": "2024-08-10 15:53:54 +0000"
    },
    "done": true
  },
  "tfc:world/root": {
    "criteria": {
      "in_game_condition": "2024-08-10 15:53:55 +0000"
    },
    "done": true
  },
  "DataVersion": 3465
}